{
"meta":{"test_sets":[],"test_metrics":[],"learn_metrics":[{"best_value":"Min","name":"MultiClass"}],"launch_mode":"Train","parameters":"","iteration_count":1000,"learn_sets":["learn"],"name":"experiment"},
"iterations":[
{"learn":[1.08255616],"iteration":0,"passed_time":0.1126350589,"remaining_time":112.5224239},
{"learn":[1.070461184],"iteration":1,"passed_time":0.1237083749,"remaining_time":61.73047908},
{"learn":[1.060139502],"iteration":2,"passed_time":0.1341341268,"remaining_time":44.57724147},
{"learn":[1.049201716],"iteration":3,"passed_time":0.144712389,"remaining_time":36.03338486},
{"learn":[1.039489039],"iteration":4,"passed_time":0.1558605549,"remaining_time":31.01625042},
{"learn":[1.031484982],"iteration":5,"passed_time":0.1650680221,"remaining_time":27.346269},
{"learn":[1.024366881],"iteration":6,"passed_time":0.174192033,"remaining_time":24.71038411},
{"learn":[1.017274093],"iteration":7,"passed_time":0.1825480853,"remaining_time":22.63596257},
{"learn":[1.012195292],"iteration":8,"passed_time":0.1909557363,"remaining_time":21.02634829},
{"learn":[1.007265507],"iteration":9,"passed_time":0.1982164043,"remaining_time":19.62342403},
{"learn":[1.002571629],"iteration":10,"passed_time":0.2048750224,"remaining_time":18.42012702},
{"learn":[0.9983284546],"iteration":11,"passed_time":0.2108212394,"remaining_time":17.35761538},
{"learn":[0.9953795555],"iteration":12,"passed_time":0.2166135988,"remaining_time":16.44597092},
{"learn":[0.9917391101],"iteration":13,"passed_time":0.2222211418,"remaining_time":15.65071756},
{"learn":[0.9891710649],"iteration":14,"passed_time":0.2276875882,"remaining_time":14.95148496},
{"learn":[0.9860905061],"iteration":15,"passed_time":0.2333703597,"remaining_time":14.35227712},
{"learn":[0.9831490865],"iteration":16,"passed_time":0.2389686436,"remaining_time":13.81801039},
{"learn":[0.9811940605],"iteration":17,"passed_time":0.24431335,"remaining_time":13.32865054},
{"learn":[0.9789456438],"iteration":18,"passed_time":0.2498217653,"remaining_time":12.8986922},
{"learn":[0.9766263054],"iteration":19,"passed_time":0.2552615925,"remaining_time":12.50781803},
{"learn":[0.9755158483],"iteration":20,"passed_time":0.2606187148,"remaining_time":12.14979627},
{"learn":[0.9738534452],"iteration":21,"passed_time":0.2658049522,"remaining_time":11.81623833},
{"learn":[0.9721395677],"iteration":22,"passed_time":0.2713316878,"remaining_time":11.52569822},
{"learn":[0.9710449322],"iteration":23,"passed_time":0.2764146701,"remaining_time":11.24086325},
{"learn":[0.9693280098],"iteration":24,"passed_time":0.281824916,"remaining_time":10.99117172},
{"learn":[0.9678025279],"iteration":25,"passed_time":0.2870637652,"remaining_time":10.75385028},
{"learn":[0.9660119427],"iteration":26,"passed_time":0.2925989661,"remaining_time":10.54439978},
{"learn":[0.9648186445],"iteration":27,"passed_time":0.2979573168,"remaining_time":10.34337543},
{"learn":[0.9630026133],"iteration":28,"passed_time":0.3033149454,"remaining_time":10.1558211},
{"learn":[0.9618692626],"iteration":29,"passed_time":0.3085184942,"remaining_time":9.975431312},
{"learn":[0.9609393194],"iteration":30,"passed_time":0.3138216106,"remaining_time":9.80945615},
{"learn":[0.960543528],"iteration":31,"passed_time":0.3187820832,"remaining_time":9.643158018},
{"learn":[0.9597377117],"iteration":32,"passed_time":0.3237186877,"remaining_time":9.485938516},
{"learn":[0.9589399956],"iteration":33,"passed_time":0.3289213146,"remaining_time":9.345234996},
{"learn":[0.9582959443],"iteration":34,"passed_time":0.3342761575,"remaining_time":9.216471201},
{"learn":[0.9575347088],"iteration":35,"passed_time":0.3397495704,"remaining_time":9.097738496},
{"learn":[0.9567091052],"iteration":36,"passed_time":0.3452920067,"remaining_time":8.986924391},
{"learn":[0.9558679954],"iteration":37,"passed_time":0.3508885849,"remaining_time":8.883021543},
{"learn":[0.9552593802],"iteration":38,"passed_time":0.3559933306,"remaining_time":8.772040786},
{"learn":[0.9546691897],"iteration":39,"passed_time":0.360909987,"remaining_time":8.661839688},
{"learn":[0.9539186538],"iteration":40,"passed_time":0.3661078186,"remaining_time":8.563351172},
{"learn":[0.9531711747],"iteration":41,"passed_time":0.371397105,"remaining_time":8.471391109},
{"learn":[0.9527571208],"iteration":42,"passed_time":0.3765659433,"remaining_time":8.380781576},
{"learn":[0.9522983939],"iteration":43,"passed_time":0.3817162652,"remaining_time":8.293653399},
{"learn":[0.9515423381],"iteration":44,"passed_time":0.387225383,"remaining_time":8.217783128},
{"learn":[0.951165571],"iteration":45,"passed_time":0.3923162875,"remaining_time":8.136298659},
{"learn":[0.9504808725],"iteration":46,"passed_time":0.3975042734,"remaining_time":8.060033459},
{"learn":[0.9495754176],"iteration":47,"passed_time":0.4032694133,"remaining_time":7.998176697},
{"learn":[0.94911037],"iteration":48,"passed_time":0.4082977222,"remaining_time":7.924308853},
{"learn":[0.9481491884],"iteration":49,"passed_time":0.4138492278,"remaining_time":7.863135329},
{"learn":[0.947554591],"iteration":50,"passed_time":0.4191382052,"remaining_time":7.799257974},
{"learn":[0.9470719837],"iteration":51,"passed_time":0.4244820624,"remaining_time":7.738634522},
{"learn":[0.9466187718],"iteration":52,"passed_time":0.429483306,"remaining_time":7.673975297},
{"learn":[0.9459197362],"iteration":53,"passed_time":0.4348105026,"remaining_time":7.617235842},
{"learn":[0.9457414345],"iteration":54,"passed_time":0.4397639858,"remaining_time":7.555944846},
{"learn":[0.9452180917],"iteration":55,"passed_time":0.4451230876,"remaining_time":7.503503476},
{"learn":[0.9448355558],"iteration":56,"passed_time":0.4504056917,"remaining_time":7.451448548},
{"learn":[0.9438218212],"iteration":57,"passed_time":0.4561761553,"remaining_time":7.408929971},
{"learn":[0.9434997699],"iteration":58,"passed_time":0.4613998391,"remaining_time":7.358936416},
{"learn":[0.9431732758],"iteration":59,"passed_time":0.4664008921,"remaining_time":7.306947309},
{"learn":[0.9428053908],"iteration":60,"passed_time":0.4720171077,"remaining_time":7.265968265},
{"learn":[0.9423695343],"iteration":61,"passed_time":0.4771837392,"remaining_time":7.219328184},
{"learn":[0.9415803334],"iteration":62,"passed_time":0.4829294719,"remaining_time":7.182617701},
{"learn":[0.9414150885],"iteration":63,"passed_time":0.4880372458,"remaining_time":7.137544719},
{"learn":[0.9411474728],"iteration":64,"passed_time":0.4933192533,"remaining_time":7.09620772},
{"learn":[0.9407590768],"iteration":65,"passed_time":0.4989248402,"remaining_time":7.060542436},
{"learn":[0.9403046515],"iteration":66,"passed_time":0.5042921128,"remaining_time":7.022455839},
{"learn":[0.9399692954],"iteration":67,"passed_time":0.5095212024,"remaining_time":6.983437657},
{"learn":[0.9390919301],"iteration":68,"passed_time":0.514892297,"remaining_time":6.947314906},
{"learn":[0.9386862122],"iteration":69,"passed_time":0.5200245869,"remaining_time":6.908898083},
{"learn":[0.9383614863],"iteration":70,"passed_time":0.5252316275,"remaining_time":6.872396928},
{"learn":[0.9381470349],"iteration":71,"passed_time":0.5301108621,"remaining_time":6.83254},
{"learn":[0.9378254462],"iteration":72,"passed_time":0.5356058519,"remaining_time":6.801460612},
{"learn":[0.9373698994],"iteration":73,"passed_time":0.5407424014,"remaining_time":6.766587347},
{"learn":[0.9367264137],"iteration":74,"passed_time":0.546472138,"remaining_time":6.739823035},
{"learn":[0.936540137],"iteration":75,"passed_time":0.5518404599,"remaining_time":6.709218223},
{"learn":[0.9362216425],"iteration":76,"passed_time":0.5568753486,"remaining_time":6.675272036},
{"learn":[0.9360376707],"iteration":77,"passed_time":0.5618109334,"remaining_time":6.640893341},
{"learn":[0.9358340513],"iteration":78,"passed_time":0.5670220575,"remaining_time":6.610472342},
{"learn":[0.9355395763],"iteration":79,"passed_time":0.5721079889,"remaining_time":6.579241872},
{"learn":[0.9349949241],"iteration":80,"passed_time":0.5772118795,"remaining_time":6.548860707},
{"learn":[0.9348142652],"iteration":81,"passed_time":0.5823585689,"remaining_time":6.519575198},
{"learn":[0.9345587578],"iteration":82,"passed_time":0.5874936161,"remaining_time":6.490742723},
{"learn":[0.9343651961],"iteration":83,"passed_time":0.5925981129,"remaining_time":6.462141327},
{"learn":[0.9342396165],"iteration":84,"passed_time":0.5979200374,"remaining_time":6.436433344},
{"learn":[0.9338436084],"iteration":85,"passed_time":0.6031677828,"remaining_time":6.410411087},
{"learn":[0.9334525828],"iteration":86,"passed_time":0.6084744032,"remaining_time":6.385484254},
{"learn":[0.9331343399],"iteration":87,"passed_time":0.6139825288,"remaining_time":6.363091662},
{"learn":[0.9329158384],"iteration":88,"passed_time":0.6190815513,"remaining_time":6.336890935},
{"learn":[0.9327376659],"iteration":89,"passed_time":0.6242582257,"remaining_time":6.311944282},
{"learn":[0.9322203237],"iteration":90,"passed_time":0.6296760978,"remaining_time":6.289841461},
{"learn":[0.9317251358],"iteration":91,"passed_time":0.6348037863,"remaining_time":6.26523737},
{"learn":[0.9312695842],"iteration":92,"passed_time":0.6405474886,"remaining_time":6.247059915},
{"learn":[0.9307294179],"iteration":93,"passed_time":0.6460396422,"remaining_time":6.226722509},
{"learn":[0.9304638808],"iteration":94,"passed_time":0.6511041378,"remaining_time":6.202623628},
{"learn":[0.9300435898],"iteration":95,"passed_time":0.656446631,"remaining_time":6.181539109},
{"learn":[0.9296630789],"iteration":96,"passed_time":0.6620546644,"remaining_time":6.163251154},
{"learn":[0.9295364758],"iteration":97,"passed_time":0.6707982201,"remaining_time":6.174081576},
{"learn":[0.9293794717],"iteration":98,"passed_time":0.6803210157,"remaining_time":6.191608436},
{"learn":[0.9290498954],"iteration":99,"passed_time":0.688837265,"remaining_time":6.199535385},
{"learn":[0.9288323159],"iteration":100,"passed_time":0.6955081475,"remaining_time":6.190711134},
{"learn":[0.9285578065],"iteration":101,"passed_time":0.702647236,"remaining_time":6.186051156},
{"learn":[0.9282299256],"iteration":102,"passed_time":0.7089924049,"remaining_time":6.174429002},
{"learn":[0.9279843131],"iteration":103,"passed_time":0.7147698641,"remaining_time":6.15801729},
{"learn":[0.9276267075],"iteration":104,"passed_time":0.7210275875,"remaining_time":6.145901817},
{"learn":[0.9273307031],"iteration":105,"passed_time":0.7269487524,"remaining_time":6.131058346},
{"learn":[0.9271243274],"iteration":106,"passed_time":0.7323094066,"remaining_time":6.111703739},
{"learn":[0.9269207158],"iteration":107,"passed_time":0.7381681349,"remaining_time":6.096722003},
{"learn":[0.926672489],"iteration":108,"passed_time":0.7436330037,"remaining_time":6.078688131},
{"learn":[0.9261615397],"iteration":109,"passed_time":0.7495378468,"remaining_time":6.064442579},
{"learn":[0.925759113],"iteration":110,"passed_time":0.7548536079,"remaining_time":6.045629346},
{"learn":[0.9251314062],"iteration":111,"passed_time":0.7602914793,"remaining_time":6.028025301},
{"learn":[0.9247500832],"iteration":112,"passed_time":0.7656990574,"remaining_time":6.010398796},
{"learn":[0.9244710079],"iteration":113,"passed_time":0.7707087295,"remaining_time":5.989894161},
{"learn":[0.9242642489],"iteration":114,"passed_time":0.7761039508,"remaining_time":5.972626056},
{"learn":[0.9240194383],"iteration":115,"passed_time":0.7813924507,"remaining_time":5.954749366},
{"learn":[0.9235274907],"iteration":116,"passed_time":0.7867678521,"remaining_time":5.937743704},
{"learn":[0.9231792235],"iteration":117,"passed_time":0.7921642858,"remaining_time":5.921092373},
{"learn":[0.9227366646],"iteration":118,"passed_time":0.7972173439,"remaining_time":5.902088067},
{"learn":[0.9224419262],"iteration":119,"passed_time":0.802893445,"remaining_time":5.887885264},
{"learn":[0.9221439219],"iteration":120,"passed_time":0.8083147732,"remaining_time":5.871972609},
{"learn":[0.9220122563],"iteration":121,"passed_time":0.8137481395,"remaining_time":5.856318578},
{"learn":[0.9215686711],"iteration":122,"passed_time":0.8192215111,"remaining_time":5.841115978},
{"learn":[0.9213339163],"iteration":123,"passed_time":0.8243231477,"remaining_time":5.823444172},
{"learn":[0.9208941278],"iteration":124,"passed_time":0.8296654463,"remaining_time":5.807658124},
{"learn":[0.9204093182],"iteration":125,"passed_time":0.8351841913,"remaining_time":5.793261771},
{"learn":[0.9197631675],"iteration":126,"passed_time":0.841127646,"remaining_time":5.781924685},
{"learn":[0.9194953671],"iteration":127,"passed_time":0.8462810269,"remaining_time":5.765289496},
{"learn":[0.9192203748],"iteration":128,"passed_time":0.8519569349,"remaining_time":5.75236039},
{"learn":[0.9189044947],"iteration":129,"passed_time":0.8570245883,"remaining_time":5.735472245},
{"learn":[0.918518361],"iteration":130,"passed_time":0.8621511836,"remaining_time":5.719155561},
{"learn":[0.9182824976],"iteration":131,"passed_time":0.8675887946,"remaining_time":5.705053589},
{"learn":[0.9180137686],"iteration":132,"passed_time":0.8728208177,"remaining_time":5.689741722},
{"learn":[0.91786823],"iteration":133,"passed_time":0.8778396643,"remaining_time":5.673202607},
{"learn":[0.9174349355],"iteration":134,"passed_time":0.8828052442,"remaining_time":5.656492861},
{"learn":[0.9171099273],"iteration":135,"passed_time":0.8889397407,"remaining_time":5.647381882},
{"learn":[0.9166374965],"iteration":136,"passed_time":0.8945027836,"remaining_time":5.634714615},
{"learn":[0.916347891],"iteration":137,"passed_time":0.8999209117,"remaining_time":5.621245115},
{"learn":[0.9162432773],"iteration":138,"passed_time":0.9051530035,"remaining_time":5.606739108},
{"learn":[0.9157591409],"iteration":139,"passed_time":0.9106984279,"remaining_time":5.594290343},
{"learn":[0.9154309239],"iteration":140,"passed_time":0.9158501413,"remaining_time":5.579540932},
{"learn":[0.9150738142],"iteration":141,"passed_time":0.9210169909,"remaining_time":5.565018156},
{"learn":[0.9148234877],"iteration":142,"passed_time":0.9259295968,"remaining_time":5.549102549},
{"learn":[0.9146272354],"iteration":143,"passed_time":0.9308986745,"remaining_time":5.533675454},
{"learn":[0.914421991],"iteration":144,"passed_time":0.9364686516,"remaining_time":5.521935842},
{"learn":[0.9140754171],"iteration":145,"passed_time":0.9416172195,"remaining_time":5.507815791},
{"learn":[0.9138488601],"iteration":146,"passed_time":0.9467553525,"remaining_time":5.49375725},
{"learn":[0.9135983605],"iteration":147,"passed_time":0.9523683438,"remaining_time":5.482552898},
{"learn":[0.9133596439],"iteration":148,"passed_time":0.9577032904,"remaining_time":5.469835571},
{"learn":[0.9131098431],"iteration":149,"passed_time":0.9631371117,"remaining_time":5.457776966},
{"learn":[0.9127313606],"iteration":150,"passed_time":0.9689076163,"remaining_time":5.447699114},
{"learn":[0.9125786765],"iteration":151,"passed_time":0.9736424248,"remaining_time":5.431899844},
{"learn":[0.9122247393],"iteration":152,"passed_time":0.9785177921,"remaining_time":5.417023333},
{"learn":[0.9118852261],"iteration":153,"passed_time":0.9838734259,"remaining_time":5.404915054},
{"learn":[0.9116460565],"iteration":154,"passed_time":0.9894835763,"remaining_time":5.394281432},
{"learn":[0.911547604],"iteration":155,"passed_time":0.9943911675,"remaining_time":5.379911188},
{"learn":[0.9112881122],"iteration":156,"passed_time":0.999907472,"remaining_time":5.368929929},
{"learn":[0.9109371161],"iteration":157,"passed_time":1.0050771,"remaining_time":5.356170371},
{"learn":[0.9105472171],"iteration":158,"passed_time":1.010087931,"remaining_time":5.342666351},
{"learn":[0.9102583289],"iteration":159,"passed_time":1.015232592,"remaining_time":5.329971106},
{"learn":[0.9101506209],"iteration":160,"passed_time":1.020339567,"remaining_time":5.317173272},
{"learn":[0.9099634213],"iteration":161,"passed_time":1.025317041,"remaining_time":5.303800494},
{"learn":[0.9096718788],"iteration":162,"passed_time":1.030570501,"remaining_time":5.29194791},
{"learn":[0.9092323625],"iteration":163,"passed_time":1.036492677,"remaining_time":5.283584623},
{"learn":[0.9089901003],"iteration":164,"passed_time":1.041799905,"remaining_time":5.272138913},
{"learn":[0.9085931518],"iteration":165,"passed_time":1.047878937,"remaining_time":5.264644779},
{"learn":[0.9083728342],"iteration":166,"passed_time":1.053155734,"remaining_time":5.253166029},
{"learn":[0.9079798927],"iteration":167,"passed_time":1.058413808,"remaining_time":5.241668381},
{"learn":[0.9078639981],"iteration":168,"passed_time":1.063068708,"remaining_time":5.227278677},
{"learn":[0.9074759191],"iteration":169,"passed_time":1.068694363,"remaining_time":5.217743069},
{"learn":[0.9072676744],"iteration":170,"passed_time":1.074017567,"remaining_time":5.206786918},
{"learn":[0.9069564773],"iteration":171,"passed_time":1.079215586,"remaining_time":5.195293633},
{"learn":[0.9067097044],"iteration":172,"passed_time":1.084318302,"remaining_time":5.183417546},
{"learn":[0.9063594314],"iteration":173,"passed_time":1.089603346,"remaining_time":5.172484847},
{"learn":[0.9060944847],"iteration":174,"passed_time":1.094617839,"remaining_time":5.160341242},
{"learn":[0.9059943383],"iteration":175,"passed_time":1.099821896,"remaining_time":5.149166151},
{"learn":[0.9057205371],"iteration":176,"passed_time":1.105570044,"remaining_time":5.140588398},
{"learn":[0.9054335397],"iteration":177,"passed_time":1.110911179,"remaining_time":5.130162862},
{"learn":[0.9050602053],"iteration":178,"passed_time":1.116071666,"remaining_time":5.118965573},
{"learn":[0.9046978571],"iteration":179,"passed_time":1.121421339,"remaining_time":5.108697211},
{"learn":[0.9043084667],"iteration":180,"passed_time":1.126293297,"remaining_time":5.096321603},
{"learn":[0.9041698195],"iteration":181,"passed_time":1.131400084,"remaining_time":5.085083895},
{"learn":[0.9039068401],"iteration":182,"passed_time":1.137293126,"remaining_time":5.077423411},
{"learn":[0.9037056229],"iteration":183,"passed_time":1.142543541,"remaining_time":5.066932227},
{"learn":[0.903361331],"iteration":184,"passed_time":1.148327494,"remaining_time":5.05884815},
{"learn":[0.9032146902],"iteration":185,"passed_time":1.153832009,"remaining_time":5.049565887},
{"learn":[0.9030540731],"iteration":186,"passed_time":1.159345173,"remaining_time":5.040361635},
{"learn":[0.9029314585],"iteration":187,"passed_time":1.164729063,"remaining_time":5.030638294},
{"learn":[0.9027435109],"iteration":188,"passed_time":1.169834232,"remaining_time":5.019764881},
{"learn":[0.902542232],"iteration":189,"passed_time":1.174670411,"remaining_time":5.007805436},
{"learn":[0.9022973862],"iteration":190,"passed_time":1.180027714,"remaining_time":4.998127855},
{"learn":[0.9021774704],"iteration":191,"passed_time":1.185275377,"remaining_time":4.98803388},
{"learn":[0.9019303658],"iteration":192,"passed_time":1.190793546,"remaining_time":4.979121201},
{"learn":[0.9017666512],"iteration":193,"passed_time":1.196016293,"remaining_time":4.969016146},
{"learn":[0.9016505214],"iteration":194,"passed_time":1.200849822,"remaining_time":4.957354395},
{"learn":[0.9011585191],"iteration":195,"passed_time":1.206847499,"remaining_time":4.950537702},
{"learn":[0.9011049349],"iteration":196,"passed_time":1.212092811,"remaining_time":4.940662573},
{"learn":[0.9009508712],"iteration":197,"passed_time":1.217275218,"remaining_time":4.930579418},
{"learn":[0.9007662208],"iteration":198,"passed_time":1.222345565,"remaining_time":4.920094459},
{"learn":[0.900506889],"iteration":199,"passed_time":1.227321239,"remaining_time":4.909284956},
{"learn":[0.9003426439],"iteration":200,"passed_time":1.23233135,"remaining_time":4.89867039},
{"learn":[0.9000716349],"iteration":201,"passed_time":1.237481162,"remaining_time":4.888663203},
{"learn":[0.8998129363],"iteration":202,"passed_time":1.24269751,"remaining_time":4.878965102},
{"learn":[0.8995912624],"iteration":203,"passed_time":1.247881179,"remaining_time":4.869183425},
{"learn":[0.8992231668],"iteration":204,"passed_time":1.253156568,"remaining_time":4.859802301},
{"learn":[0.8988680871],"iteration":205,"passed_time":1.258359145,"remaining_time":4.850180394},
{"learn":[0.8986448712],"iteration":206,"passed_time":1.263760338,"remaining_time":4.841362066},
{"learn":[0.8983857512],"iteration":207,"passed_time":1.269363484,"remaining_time":4.833345573},
{"learn":[0.8981122131],"iteration":208,"passed_time":1.274913713,"remaining_time":4.8251519},
{"learn":[0.8977833832],"iteration":209,"passed_time":1.280348377,"remaining_time":4.816548656},
{"learn":[0.8976507673],"iteration":210,"passed_time":1.285476013,"remaining_time":4.806827365},
{"learn":[0.8973982846],"iteration":211,"passed_time":1.290429186,"remaining_time":4.796500936},
{"learn":[0.8972536734],"iteration":212,"passed_time":1.295976894,"remaining_time":4.788421668},
{"learn":[0.8970147927],"iteration":213,"passed_time":1.301280145,"remaining_time":4.779468197},
{"learn":[0.8966808654],"iteration":214,"passed_time":1.306643913,"remaining_time":4.770769637},
{"learn":[0.8965066389],"iteration":215,"passed_time":1.312506935,"remaining_time":4.763914059},
{"learn":[0.8963221804],"iteration":216,"passed_time":1.317414459,"remaining_time":4.753619914},
{"learn":[0.8960373588],"iteration":217,"passed_time":1.322635068,"remaining_time":4.744498271},
{"learn":[0.8958414444],"iteration":218,"passed_time":1.327521846,"remaining_time":4.734221742},
{"learn":[0.8957324045],"iteration":219,"passed_time":1.332874394,"remaining_time":4.725645578},
{"learn":[0.8955900612],"iteration":220,"passed_time":1.338587381,"remaining_time":4.718369094},
{"learn":[0.8954942785],"iteration":221,"passed_time":1.344215691,"remaining_time":4.710809945},
{"learn":[0.8953257689],"iteration":222,"passed_time":1.349791373,"remaining_time":4.703084739},
{"learn":[0.8950248385],"iteration":223,"passed_time":1.355614317,"remaining_time":4.696235312},
{"learn":[0.8947766383],"iteration":224,"passed_time":1.36131996,"remaining_time":4.688990973},
{"learn":[0.8945349971],"iteration":225,"passed_time":1.367151204,"remaining_time":4.682190405},
{"learn":[0.8943020591],"iteration":226,"passed_time":1.372447666,"remaining_time":4.673577295},
{"learn":[0.8940017175],"iteration":227,"passed_time":1.377538371,"remaining_time":4.66429659},
{"learn":[0.8939101861],"iteration":228,"passed_time":1.382641685,"remaining_time":4.655094929},
{"learn":[0.8937994533],"iteration":229,"passed_time":1.388208659,"remaining_time":4.647481163},
{"learn":[0.8935699615],"iteration":230,"passed_time":1.393539422,"remaining_time":4.639098767},
{"learn":[0.8934461929],"iteration":231,"passed_time":1.3990587,"remaining_time":4.63136673},
{"learn":[0.8932564041],"iteration":232,"passed_time":1.404513213,"remaining_time":4.623440491},
{"learn":[0.8931129107],"iteration":233,"passed_time":1.409719846,"remaining_time":4.614723941},
{"learn":[0.8927807119],"iteration":234,"passed_time":1.415250815,"remaining_time":4.607093077},
{"learn":[0.8925362102],"iteration":235,"passed_time":1.420904828,"remaining_time":4.599878343},
{"learn":[0.8923535084],"iteration":236,"passed_time":1.426793452,"remaining_time":4.593432083},
{"learn":[0.8922425878],"iteration":237,"passed_time":1.431720453,"remaining_time":4.583911703},
{"learn":[0.8919927364],"iteration":238,"passed_time":1.436954432,"remaining_time":4.575407207},
{"learn":[0.891841275],"iteration":239,"passed_time":1.442601323,"remaining_time":4.568237523},
{"learn":[0.8917455088],"iteration":240,"passed_time":1.447805798,"remaining_time":4.559687138},
{"learn":[0.8915600492],"iteration":241,"passed_time":1.453074062,"remaining_time":4.55136421},
{"learn":[0.8912949684],"iteration":242,"passed_time":1.458515418,"remaining_time":4.543605643},
{"learn":[0.8910776395],"iteration":243,"passed_time":1.463676005,"remaining_time":4.534996148},
{"learn":[0.8909657149],"iteration":244,"passed_time":1.4688592,"remaining_time":4.526484474},
{"learn":[0.8908088596],"iteration":245,"passed_time":1.473977669,"remaining_time":4.517801473},
{"learn":[0.8906560068],"iteration":246,"passed_time":1.47928173,"remaining_time":4.509713128},
{"learn":[0.8904395629],"iteration":247,"passed_time":1.484879999,"remaining_time":4.502539353},
{"learn":[0.8901105292],"iteration":248,"passed_time":1.490309459,"remaining_time":4.494869092},
{"learn":[0.8899392752],"iteration":249,"passed_time":1.495773162,"remaining_time":4.487319487},
{"learn":[0.8898113895],"iteration":250,"passed_time":1.500920939,"remaining_time":4.47884376},
{"learn":[0.8896997777],"iteration":251,"passed_time":1.50642316,"remaining_time":4.471446522},
{"learn":[0.8894514135],"iteration":252,"passed_time":1.51138549,"remaining_time":4.462470202},
{"learn":[0.8891519754],"iteration":253,"passed_time":1.516503017,"remaining_time":4.4539813},
{"learn":[0.8888416826],"iteration":254,"passed_time":1.522010146,"remaining_time":4.446657093},
{"learn":[0.8885708299],"iteration":255,"passed_time":1.527712435,"remaining_time":4.439914265},
{"learn":[0.8883526648],"iteration":256,"passed_time":1.533044768,"remaining_time":4.432109973},
{"learn":[0.8882230494],"iteration":257,"passed_time":1.538243189,"remaining_time":4.423939714},
{"learn":[0.88807519],"iteration":258,"passed_time":1.544119044,"remaining_time":4.417730547},
{"learn":[0.8879255831],"iteration":259,"passed_time":1.549605437,"remaining_time":4.410415475},
{"learn":[0.8878043561],"iteration":260,"passed_time":1.554601817,"remaining_time":4.401726983},
{"learn":[0.8875994948],"iteration":261,"passed_time":1.560022206,"remaining_time":4.394261022},
{"learn":[0.8873496246],"iteration":262,"passed_time":1.5658259,"remaining_time":4.387884746},
{"learn":[0.8871740008],"iteration":263,"passed_time":1.571294579,"remaining_time":4.380578827},
{"learn":[0.8870606352],"iteration":264,"passed_time":1.576402207,"remaining_time":4.372285366},
{"learn":[0.8866675353],"iteration":265,"passed_time":1.581673039,"remaining_time":4.364466204},
{"learn":[0.8865204703],"iteration":266,"passed_time":1.586693802,"remaining_time":4.355979614},
{"learn":[0.8863824867],"iteration":267,"passed_time":1.592155634,"remaining_time":4.348723596},
{"learn":[0.8862107202],"iteration":268,"passed_time":1.597237175,"remaining_time":4.34044749},
{"learn":[0.8859939673],"iteration":269,"passed_time":1.60248843,"remaining_time":4.332653905},
{"learn":[0.8857564849],"iteration":270,"passed_time":1.608089032,"remaining_time":4.325818834},
{"learn":[0.8855760303],"iteration":271,"passed_time":1.613347794,"remaining_time":4.31807792},
{"learn":[0.8854208466],"iteration":272,"passed_time":1.618212384,"remaining_time":4.309305506},
{"learn":[0.8853077053],"iteration":273,"passed_time":1.623391561,"remaining_time":4.301395159},
{"learn":[0.885193206],"iteration":274,"passed_time":1.628724188,"remaining_time":4.293909222},
{"learn":[0.8849971139],"iteration":275,"passed_time":1.633866934,"remaining_time":4.285940798},
{"learn":[0.884838647],"iteration":276,"passed_time":1.639025831,"remaining_time":4.278034932},
{"learn":[0.8846052242],"iteration":277,"passed_time":1.644416627,"remaining_time":4.270751095},
{"learn":[0.8842402633],"iteration":278,"passed_time":1.649959856,"remaining_time":4.263874754},
{"learn":[0.8840177578],"iteration":279,"passed_time":1.655476716,"remaining_time":4.256940127},
{"learn":[0.8838517424],"iteration":280,"passed_time":1.661170363,"remaining_time":4.250467941},
{"learn":[0.8836686161],"iteration":281,"passed_time":1.667077192,"remaining_time":4.244544057},
{"learn":[0.8835034792],"iteration":282,"passed_time":1.672387854,"remaining_time":4.237109865},
{"learn":[0.8833823611],"iteration":283,"passed_time":1.677818008,"remaining_time":4.22999188},
{"learn":[0.8831184291],"iteration":284,"passed_time":1.683656517,"remaining_time":4.223910209},
{"learn":[0.8829251878],"iteration":285,"passed_time":1.688583176,"remaining_time":4.215553804},
{"learn":[0.8827716628],"iteration":286,"passed_time":1.693732853,"remaining_time":4.207775346},
{"learn":[0.8822317318],"iteration":287,"passed_time":1.699253509,"remaining_time":4.200932286},
{"learn":[0.8820296095],"iteration":288,"passed_time":1.704300089,"remaining_time":4.192932053},
{"learn":[0.8819198728],"iteration":289,"passed_time":1.709017237,"remaining_time":4.18414565},
{"learn":[0.8817199755],"iteration":290,"passed_time":1.71485003,"remaining_time":4.178105399},
{"learn":[0.8816172296],"iteration":291,"passed_time":1.720857056,"remaining_time":4.172489026},
{"learn":[0.8814541773],"iteration":292,"passed_time":1.72633634,"remaining_time":4.165596561},
{"learn":[0.881326351],"iteration":293,"passed_time":1.731916999,"remaining_time":4.158957148},
{"learn":[0.88119457],"iteration":294,"passed_time":1.737315177,"remaining_time":4.151888813},
{"learn":[0.8809495119],"iteration":295,"passed_time":1.742921114,"remaining_time":4.145325893},
{"learn":[0.8807732938],"iteration":296,"passed_time":1.748202145,"remaining_time":4.138000362},
{"learn":[0.8805491002],"iteration":297,"passed_time":1.753507519,"remaining_time":4.130745901},
{"learn":[0.8802193641],"iteration":298,"passed_time":1.759022432,"remaining_time":4.123995735},
{"learn":[0.8799610829],"iteration":299,"passed_time":1.764729889,"remaining_time":4.117703074},
{"learn":[0.8798027267],"iteration":300,"passed_time":1.769952719,"remaining_time":4.110288871},
{"learn":[0.8794014572],"iteration":301,"passed_time":1.775583894,"remaining_time":4.103832973},
{"learn":[0.8792982309],"iteration":302,"passed_time":1.780898247,"remaining_time":4.096653723},
{"learn":[0.8790543552],"iteration":303,"passed_time":1.786660074,"remaining_time":4.090511223},
{"learn":[0.8788402802],"iteration":304,"passed_time":1.792272787,"remaining_time":4.084031433},
{"learn":[0.8787125552],"iteration":305,"passed_time":1.797607581,"remaining_time":4.076926998},
{"learn":[0.8784587897],"iteration":306,"passed_time":1.803091022,"remaining_time":4.070169636},
{"learn":[0.8782523499],"iteration":307,"passed_time":1.808411955,"remaining_time":4.063055432},
{"learn":[0.8781602993],"iteration":308,"passed_time":1.813205587,"remaining_time":4.05477366},
{"learn":[0.8780562782],"iteration":309,"passed_time":1.818153108,"remaining_time":4.046856917},
{"learn":[0.8778442876],"iteration":310,"passed_time":1.823457936,"remaining_time":4.039750862},
{"learn":[0.877700836],"iteration":311,"passed_time":1.82825646,"remaining_time":4.031539886},
{"learn":[0.8775537411],"iteration":312,"passed_time":1.833750652,"remaining_time":4.02487763},
{"learn":[0.8774434403],"iteration":313,"passed_time":1.839358038,"remaining_time":4.018470108},
{"learn":[0.8772181682],"iteration":314,"passed_time":1.844755039,"remaining_time":4.011610165},
{"learn":[0.8771407004],"iteration":315,"passed_time":1.850023567,"remaining_time":4.004481391},
{"learn":[0.8769106348],"iteration":316,"passed_time":1.855877369,"remaining_time":3.998625372},
{"learn":[0.8767927502],"iteration":317,"passed_time":1.86073194,"remaining_time":3.990626362},
{"learn":[0.8766945492],"iteration":318,"passed_time":1.865782505,"remaining_time":3.983065474},
{"learn":[0.8765659075],"iteration":319,"passed_time":1.871417084,"remaining_time":3.976761303},
{"learn":[0.8764579028],"iteration":320,"passed_time":1.876787313,"remaining_time":3.969902135},
{"learn":[0.8763555872],"iteration":321,"passed_time":1.881862763,"remaining_time":3.962431533},
{"learn":[0.8762457194],"iteration":322,"passed_time":1.887515672,"remaining_time":3.956186098},
{"learn":[0.8761552099],"iteration":323,"passed_time":1.892713283,"remaining_time":3.94899438},
{"learn":[0.8759670855],"iteration":324,"passed_time":1.89809991,"remaining_time":3.942207506},
{"learn":[0.8757242484],"iteration":325,"passed_time":1.903790621,"remaining_time":3.936057911},
{"learn":[0.8755708684],"iteration":326,"passed_time":1.909190927,"remaining_time":3.929313436},
{"learn":[0.8754082638],"iteration":327,"passed_time":1.914798789,"remaining_time":3.923002396},
{"learn":[0.875258645],"iteration":328,"passed_time":1.920860479,"remaining_time":3.91762122},
{"learn":[0.8751428856],"iteration":329,"passed_time":1.926415433,"remaining_time":3.911207091},
{"learn":[0.874897728],"iteration":330,"passed_time":1.932323061,"remaining_time":3.90551096},
{"learn":[0.8747207132],"iteration":331,"passed_time":1.937993686,"remaining_time":3.899336693},
{"learn":[0.8745028586],"iteration":332,"passed_time":1.94361461,"remaining_time":3.8930659},
{"learn":[0.8743476916],"iteration":333,"passed_time":1.948850945,"remaining_time":3.886032124},
{"learn":[0.8741782779],"iteration":334,"passed_time":1.954521405,"remaining_time":3.87987085},
{"learn":[0.8739774554],"iteration":335,"passed_time":1.959680113,"remaining_time":3.872701175},
{"learn":[0.8737971848],"iteration":336,"passed_time":1.964767969,"remaining_time":3.865404045},
{"learn":[0.873548131],"iteration":337,"passed_time":1.96994433,"remaining_time":3.858293333},
{"learn":[0.8732722663],"iteration":338,"passed_time":1.975193242,"remaining_time":3.851335496},
{"learn":[0.8729978806],"iteration":339,"passed_time":1.980431265,"remaining_time":3.844366573},
{"learn":[0.8728878052],"iteration":340,"passed_time":1.985831986,"remaining_time":3.837722224},
{"learn":[0.8726845881],"iteration":341,"passed_time":1.991031179,"remaining_time":3.830697414},
{"learn":[0.8724626012],"iteration":342,"passed_time":1.996237753,"remaining_time":3.823697386},
{"learn":[0.8722937939],"iteration":343,"passed_time":2.001562251,"remaining_time":3.816932665},
{"learn":[0.8721643497],"iteration":344,"passed_time":2.006831048,"remaining_time":3.81007054},
{"learn":[0.8720247441],"iteration":345,"passed_time":2.011747256,"remaining_time":3.802551172},
{"learn":[0.8718967786],"iteration":346,"passed_time":2.016677476,"remaining_time":3.795073174},
{"learn":[0.8718267321],"iteration":347,"passed_time":2.022314359,"remaining_time":3.788933799},
{"learn":[0.8716444577],"iteration":348,"passed_time":2.027220228,"remaining_time":3.781433721},
{"learn":[0.8714684399],"iteration":349,"passed_time":2.032840266,"remaining_time":3.77527478},
{"learn":[0.8712848336],"iteration":350,"passed_time":2.038321366,"remaining_time":3.768862013},
{"learn":[0.8709330026],"iteration":351,"passed_time":2.043565219,"remaining_time":3.762017789},
{"learn":[0.8708723017],"iteration":352,"passed_time":2.049435334,"remaining_time":3.756330484},
{"learn":[0.8707378391],"iteration":353,"passed_time":2.055078601,"remaining_time":3.750228182},
{"learn":[0.8704927906],"iteration":354,"passed_time":2.060396518,"remaining_time":3.743537335},
{"learn":[0.8703493133],"iteration":355,"passed_time":2.065745709,"remaining_time":3.736910776},
{"learn":[0.8700625044],"iteration":356,"passed_time":2.071029257,"remaining_time":3.730173144},
{"learn":[0.8699518767],"iteration":357,"passed_time":2.076257917,"remaining_time":3.723345204},
{"learn":[0.8698582189],"iteration":358,"passed_time":2.081270151,"remaining_time":3.716139741},
{"learn":[0.8697731504],"iteration":359,"passed_time":2.086438303,"remaining_time":3.709223649},
{"learn":[0.869623207],"iteration":360,"passed_time":2.091647422,"remaining_time":3.702389758},
{"learn":[0.8694816674],"iteration":361,"passed_time":2.096882852,"remaining_time":3.695611214},
{"learn":[0.8692704739],"iteration":362,"passed_time":2.102430012,"remaining_time":3.689388203},
{"learn":[0.8691009309],"iteration":363,"passed_time":2.107901279,"remaining_time":3.683036301},
{"learn":[0.8689530287],"iteration":364,"passed_time":2.113772874,"remaining_time":3.677385684},
{"learn":[0.8688236563],"iteration":365,"passed_time":2.120389382,"remaining_time":3.673024231},
{"learn":[0.8684930381],"iteration":366,"passed_time":2.125778562,"remaining_time":3.666533596},
{"learn":[0.8683173256],"iteration":367,"passed_time":2.131359034,"remaining_time":3.660377471},
{"learn":[0.8681911294],"iteration":368,"passed_time":2.136842513,"remaining_time":3.654058606},
{"learn":[0.8680813591],"iteration":369,"passed_time":2.142155805,"remaining_time":3.647454479},
{"learn":[0.8679152093],"iteration":370,"passed_time":2.147373255,"remaining_time":3.640694817},
{"learn":[0.8677987875],"iteration":371,"passed_time":2.152872748,"remaining_time":3.634419586},
{"learn":[0.8676312413],"iteration":372,"passed_time":2.158334586,"remaining_time":3.628085215},
{"learn":[0.8673878726],"iteration":373,"passed_time":2.163723935,"remaining_time":3.621634179},
{"learn":[0.8672585085],"iteration":374,"passed_time":2.168987221,"remaining_time":3.614978701},
{"learn":[0.8671031709],"iteration":375,"passed_time":2.174505943,"remaining_time":3.608754543},
{"learn":[0.8670010498],"iteration":376,"passed_time":2.17992595,"remaining_time":3.602370999},
{"learn":[0.8668772279],"iteration":377,"passed_time":2.185335822,"remaining_time":3.595975876},
{"learn":[0.866784927],"iteration":378,"passed_time":2.190738671,"remaining_time":3.589574446},
{"learn":[0.8665915898],"iteration":379,"passed_time":2.196095576,"remaining_time":3.583103308},
{"learn":[0.8664369719],"iteration":380,"passed_time":2.200992983,"remaining_time":3.575891486},
{"learn":[0.8663374863],"iteration":381,"passed_time":2.206401361,"remaining_time":3.569518431},
{"learn":[0.8661831137],"iteration":382,"passed_time":2.211909741,"remaining_time":3.563311514},
{"learn":[0.865970745],"iteration":383,"passed_time":2.21747374,"remaining_time":3.557197457},
{"learn":[0.8658345161],"iteration":384,"passed_time":2.222957534,"remaining_time":3.550958139},
{"learn":[0.8656978568],"iteration":385,"passed_time":2.227872741,"remaining_time":3.543818298},
{"learn":[0.8656334304],"iteration":386,"passed_time":2.233263346,"remaining_time":3.537442974},
{"learn":[0.8655668938],"iteration":387,"passed_time":2.238651969,"remaining_time":3.531069601},
{"learn":[0.8654851698],"iteration":388,"passed_time":2.243605193,"remaining_time":3.524017412},
{"learn":[0.8651531212],"iteration":389,"passed_time":2.249188478,"remaining_time":3.517961465},
{"learn":[0.8649577534],"iteration":390,"passed_time":2.255002523,"remaining_time":3.512267356},
{"learn":[0.8648967245],"iteration":391,"passed_time":2.259826884,"remaining_time":3.505037616},
{"learn":[0.8647264988],"iteration":392,"passed_time":2.265141573,"remaining_time":3.498577442},
{"learn":[0.8646473069],"iteration":393,"passed_time":2.270413054,"remaining_time":3.492056626},
{"learn":[0.8645979015],"iteration":394,"passed_time":2.27555581,"remaining_time":3.485344975},
{"learn":[0.8644313855],"iteration":395,"passed_time":2.28125716,"remaining_time":3.479493243},
{"learn":[0.8642072859],"iteration":396,"passed_time":2.286990309,"remaining_time":3.47369057},
{"learn":[0.8640107613],"iteration":397,"passed_time":2.292423795,"remaining_time":3.467434987},
{"learn":[0.863889258],"iteration":398,"passed_time":2.298320813,"remaining_time":3.461881726},
{"learn":[0.863620741],"iteration":399,"passed_time":2.303864162,"remaining_time":3.455796244},
{"learn":[0.8634844966],"iteration":400,"passed_time":2.309015621,"remaining_time":3.449128072},
{"learn":[0.8633184872],"iteration":401,"passed_time":2.315000885,"remaining_time":3.443707784},
{"learn":[0.8631914095],"iteration":402,"passed_time":2.32078831,"remaining_time":3.437991616},
{"learn":[0.8631400788],"iteration":403,"passed_time":2.325801131,"remaining_time":3.431132362},
{"learn":[0.8629052558],"iteration":404,"passed_time":2.331663833,"remaining_time":3.425530816},
{"learn":[0.862773561],"iteration":405,"passed_time":2.337422943,"remaining_time":3.419776424},
{"learn":[0.8626075417],"iteration":406,"passed_time":2.342863666,"remaining_time":3.413558117},
{"learn":[0.8624478992],"iteration":407,"passed_time":2.348524919,"remaining_time":3.407663608},
{"learn":[0.8622436522],"iteration":408,"passed_time":2.353804211,"remaining_time":3.401218309},
{"learn":[0.8620365069],"iteration":409,"passed_time":2.359323422,"remaining_time":3.395123948},
{"learn":[0.8619301147],"iteration":410,"passed_time":2.364894338,"remaining_time":3.389106484},
{"learn":[0.8617888659],"iteration":411,"passed_time":2.370468209,"remaining_time":3.383095405},
{"learn":[0.8616946867],"iteration":412,"passed_time":2.375869272,"remaining_time":3.37684083},
{"learn":[0.8615968077],"iteration":413,"passed_time":2.380984567,"remaining_time":3.370185885},
{"learn":[0.8614402008],"iteration":414,"passed_time":2.386845241,"remaining_time":3.364589075},
{"learn":[0.8612534227],"iteration":415,"passed_time":2.392839705,"remaining_time":3.359178817},
{"learn":[0.8610876265],"iteration":416,"passed_time":2.398344453,"remaining_time":3.353081093},
{"learn":[0.860999121],"iteration":417,"passed_time":2.403806756,"remaining_time":3.346927111},
{"learn":[0.8608124757],"iteration":418,"passed_time":2.409397369,"remaining_time":3.340954347},
{"learn":[0.8607002957],"iteration":419,"passed_time":2.41454097,"remaining_time":3.334366102},
{"learn":[0.8606238582],"iteration":420,"passed_time":2.419887229,"remaining_time":3.328063434},
{"learn":[0.860358618],"iteration":421,"passed_time":2.425357583,"remaining_time":3.321935268},
{"learn":[0.8601478307],"iteration":422,"passed_time":2.430912068,"remaining_time":3.315924972},
{"learn":[0.8600890617],"iteration":423,"passed_time":2.435859332,"remaining_time":3.309091922},
{"learn":[0.8599643331],"iteration":424,"passed_time":2.440847148,"remaining_time":3.302322612},
{"learn":[0.8598161623],"iteration":425,"passed_time":2.44671897,"remaining_time":3.29675279},
{"learn":[0.8595094438],"iteration":426,"passed_time":2.452497108,"remaining_time":3.291055838},
{"learn":[0.8593858184],"iteration":427,"passed_time":2.458089486,"remaining_time":3.285110248},
{"learn":[0.8592667408],"iteration":428,"passed_time":2.463867128,"remaining_time":3.279412891},
{"learn":[0.8591706654],"iteration":429,"passed_time":2.468953009,"remaining_time":3.272798175},
{"learn":[0.8590326258],"iteration":430,"passed_time":2.474100071,"remaining_time":3.266271323},
{"learn":[0.858923446],"iteration":431,"passed_time":2.479356145,"remaining_time":3.25989419},
{"learn":[0.8587928654],"iteration":432,"passed_time":2.48477724,"remaining_time":3.253738326},
{"learn":[0.8586594323],"iteration":433,"passed_time":2.489797656,"remaining_time":3.247063302},
{"learn":[0.8585476017],"iteration":434,"passed_time":2.495069343,"remaining_time":3.24072225},
{"learn":[0.8582135524],"iteration":435,"passed_time":2.500339935,"remaining_time":3.234384687},
{"learn":[0.8580336718],"iteration":436,"passed_time":2.505604084,"remaining_time":3.228043706},
{"learn":[0.8578359937],"iteration":437,"passed_time":2.511093779,"remaining_time":3.22199704},
{"learn":[0.8577535128],"iteration":438,"passed_time":2.516066452,"remaining_time":3.215292209},
{"learn":[0.8576003124],"iteration":439,"passed_time":2.521463339,"remaining_time":3.209135159},
{"learn":[0.8573081956],"iteration":440,"passed_time":2.526988015,"remaining_time":3.203143538},
{"learn":[0.8570966518],"iteration":441,"passed_time":2.533000096,"remaining_time":3.197769352},
{"learn":[0.8570127434],"iteration":442,"passed_time":2.538592266,"remaining_time":3.191864316},
{"learn":[0.8568503604],"iteration":443,"passed_time":2.544232174,"remaining_time":3.186020471},
{"learn":[0.8566817273],"iteration":444,"passed_time":2.549884269,"remaining_time":3.18019274},
{"learn":[0.8565907559],"iteration":445,"passed_time":2.555571074,"remaining_time":3.174408913},
{"learn":[0.8563519753],"iteration":446,"passed_time":2.561670698,"remaining_time":3.169136233},
{"learn":[0.8562310985],"iteration":447,"passed_time":2.567282331,"remaining_time":3.163258586},
{"learn":[0.856146477],"iteration":448,"passed_time":2.572298895,"remaining_time":3.156651873},
{"learn":[0.8560513485],"iteration":449,"passed_time":2.577873663,"remaining_time":3.150734477},
{"learn":[0.8560007353],"iteration":450,"passed_time":2.582537233,"remaining_time":3.143709404},
{"learn":[0.8558697962],"iteration":451,"passed_time":2.587999643,"remaining_time":3.137663284},
{"learn":[0.8556678657],"iteration":452,"passed_time":2.593326729,"remaining_time":3.131456337},
{"learn":[0.8554163954],"iteration":453,"passed_time":2.598598265,"remaining_time":3.125186459},
{"learn":[0.8553054531],"iteration":454,"passed_time":2.603655672,"remaining_time":3.118664486},
{"learn":[0.8552467353],"iteration":455,"passed_time":2.608456621,"remaining_time":3.111842986},
{"learn":[0.8550633116],"iteration":456,"passed_time":2.614805794,"remaining_time":3.106869904},
{"learn":[0.8548227487],"iteration":457,"passed_time":2.620584129,"remaining_time":3.101215279},
{"learn":[0.8547541215],"iteration":458,"passed_time":2.626126685,"remaining_time":3.095282215},
{"learn":[0.8546095506],"iteration":459,"passed_time":2.631545467,"remaining_time":3.089205549},
{"learn":[0.8545164276],"iteration":460,"passed_time":2.636883629,"remaining_time":3.083037476},
{"learn":[0.8543619749],"iteration":461,"passed_time":2.64205437,"remaining_time":3.076678032},
{"learn":[0.8542828591],"iteration":462,"passed_time":2.647125016,"remaining_time":3.070207632},
{"learn":[0.8541090473],"iteration":463,"passed_time":2.652406185,"remaining_time":3.063986455},
{"learn":[0.853888395],"iteration":464,"passed_time":2.658099234,"remaining_time":3.058243204},
{"learn":[0.8537124277],"iteration":465,"passed_time":2.663624269,"remaining_time":3.052307638},
{"learn":[0.8535543713],"iteration":466,"passed_time":2.6689365,"remaining_time":3.046130952},
{"learn":[0.8534293957],"iteration":467,"passed_time":2.674510381,"remaining_time":3.040255391},
{"learn":[0.8533825362],"iteration":468,"passed_time":2.679850201,"remaining_time":3.034116112},
{"learn":[0.8532944842],"iteration":469,"passed_time":2.685245366,"remaining_time":3.028042647},
{"learn":[0.8531680988],"iteration":470,"passed_time":2.690584688,"remaining_time":3.021909342},
{"learn":[0.8530856661],"iteration":471,"passed_time":2.695941301,"remaining_time":3.015798743},
{"learn":[0.8529179996],"iteration":472,"passed_time":2.701903843,"remaining_time":3.010366438},
{"learn":[0.8528372147],"iteration":473,"passed_time":2.707955061,"remaining_time":3.0050303},
{"learn":[0.8526443285],"iteration":474,"passed_time":2.713019788,"remaining_time":2.998600818},
{"learn":[0.8525700329],"iteration":475,"passed_time":2.71843334,"remaining_time":2.992561072},
{"learn":[0.8524399639],"iteration":476,"passed_time":2.724289218,"remaining_time":2.987008933},
{"learn":[0.8522442417],"iteration":477,"passed_time":2.729710747,"remaining_time":2.980981193},
{"learn":[0.8520464412],"iteration":478,"passed_time":2.735550411,"remaining_time":2.975410781},
{"learn":[0.8519339009],"iteration":479,"passed_time":2.741141971,"remaining_time":2.969570469},
{"learn":[0.8516703082],"iteration":480,"passed_time":2.746393743,"remaining_time":2.963364558},
{"learn":[0.8515088537],"iteration":481,"passed_time":2.75210184,"remaining_time":2.957653014},
{"learn":[0.8514388704],"iteration":482,"passed_time":2.757425484,"remaining_time":2.951529969},
{"learn":[0.8512281041],"iteration":483,"passed_time":2.763098258,"remaining_time":2.945782441},
{"learn":[0.8511155099],"iteration":484,"passed_time":2.769335076,"remaining_time":2.940634153},
{"learn":[0.8510253934],"iteration":485,"passed_time":2.77509533,"remaining_time":2.934977365},
{"learn":[0.8508274128],"iteration":486,"passed_time":2.7802598,"remaining_time":2.928692562},
{"learn":[0.8507339705],"iteration":487,"passed_time":2.785457939,"remaining_time":2.922447674},
{"learn":[0.8506004924],"iteration":488,"passed_time":2.79094033,"remaining_time":2.916504107},
{"learn":[0.8505104872],"iteration":489,"passed_time":2.796380216,"remaining_time":2.910518184},
{"learn":[0.8504343266],"iteration":490,"passed_time":2.801723927,"remaining_time":2.904434784},
{"learn":[0.8502330721],"iteration":491,"passed_time":2.806744503,"remaining_time":2.898020747},
{"learn":[0.8500924955],"iteration":492,"passed_time":2.812217721,"remaining_time":2.892077859},
{"learn":[0.8499285681],"iteration":493,"passed_time":2.817480149,"remaining_time":2.885920963},
{"learn":[0.8498196979],"iteration":494,"passed_time":2.822606039,"remaining_time":2.879628383},
{"learn":[0.8496344441],"iteration":495,"passed_time":2.828235815,"remaining_time":2.873852521},
{"learn":[0.8494859666],"iteration":496,"passed_time":2.833734037,"remaining_time":2.867944105},
{"learn":[0.8493564639],"iteration":497,"passed_time":2.839352777,"remaining_time":2.862158823},
{"learn":[0.849244948],"iteration":498,"passed_time":2.844675514,"remaining_time":2.856077019},
{"learn":[0.8491044256],"iteration":499,"passed_time":2.85055068,"remaining_time":2.85055068},
{"learn":[0.8489328721],"iteration":500,"passed_time":2.855808597,"remaining_time":2.844408163},
{"learn":[0.8488589631],"iteration":501,"passed_time":2.861973867,"remaining_time":2.839169294},
{"learn":[0.8488118115],"iteration":502,"passed_time":2.867520843,"remaining_time":2.833315823},
{"learn":[0.8486359486],"iteration":503,"passed_time":2.873212268,"remaining_time":2.827605724},
{"learn":[0.8485477368],"iteration":504,"passed_time":2.879111317,"remaining_time":2.822099212},
{"learn":[0.8484819096],"iteration":505,"passed_time":2.884469119,"remaining_time":2.816062737},
{"learn":[0.8483544955],"iteration":506,"passed_time":2.889984463,"remaining_time":2.810182131},
{"learn":[0.8482146926],"iteration":507,"passed_time":2.8955113,"remaining_time":2.804314093},
{"learn":[0.8481530079],"iteration":508,"passed_time":2.90077197,"remaining_time":2.798190643},
{"learn":[0.8480649119],"iteration":509,"passed_time":2.905980022,"remaining_time":2.792020021},
{"learn":[0.8479714255],"iteration":510,"passed_time":2.911655003,"remaining_time":2.786299994},
{"learn":[0.8478216252],"iteration":511,"passed_time":2.917132436,"remaining_time":2.780391853},
{"learn":[0.8477214974],"iteration":512,"passed_time":2.922407615,"remaining_time":2.774293389},
{"learn":[0.8475271424],"iteration":513,"passed_time":2.927948244,"remaining_time":2.768449118},
{"learn":[0.8474173472],"iteration":514,"passed_time":2.933203526,"remaining_time":2.762337302},
{"learn":[0.8472963054],"iteration":515,"passed_time":2.938579616,"remaining_time":2.75634212},
{"learn":[0.8472056195],"iteration":516,"passed_time":2.944506986,"remaining_time":2.75086436},
{"learn":[0.8470866794],"iteration":517,"passed_time":2.94970636,"remaining_time":2.744707462},
{"learn":[0.846928576],"iteration":518,"passed_time":2.955534359,"remaining_time":2.739136853},
{"learn":[0.8467923995],"iteration":519,"passed_time":2.960969482,"remaining_time":2.733202599},
{"learn":[0.8466390483],"iteration":520,"passed_time":2.966616023,"remaining_time":2.727464635},
{"learn":[0.8465298828],"iteration":521,"passed_time":2.971880909,"remaining_time":2.721377537},
{"learn":[0.8463307284],"iteration":522,"passed_time":2.977607721,"remaining_time":2.715714882},
{"learn":[0.8462766938],"iteration":523,"passed_time":2.983054733,"remaining_time":2.709797811},
{"learn":[0.8460267093],"iteration":524,"passed_time":2.988892055,"remaining_time":2.704235669},
{"learn":[0.8457744649],"iteration":525,"passed_time":2.994617307,"remaining_time":2.698571489},
{"learn":[0.8456305022],"iteration":526,"passed_time":2.999653693,"remaining_time":2.692288798},
{"learn":[0.8454829118],"iteration":527,"passed_time":3.004970987,"remaining_time":2.686261943},
{"learn":[0.8453805057],"iteration":528,"passed_time":3.010154695,"remaining_time":2.680118831},
{"learn":[0.8452844841],"iteration":529,"passed_time":3.015968525,"remaining_time":2.674538126},
{"learn":[0.845193231],"iteration":530,"passed_time":3.021435855,"remaining_time":2.668650501},
{"learn":[0.8451450086],"iteration":531,"passed_time":3.026447223,"remaining_time":2.662363346},
{"learn":[0.8450327073],"iteration":532,"passed_time":3.03203606,"remaining_time":2.656586942},
{"learn":[0.8448652859],"iteration":533,"passed_time":3.038064846,"remaining_time":2.651195165},
{"learn":[0.8447282504],"iteration":534,"passed_time":3.043213949,"remaining_time":2.645036423},
{"learn":[0.8446692472],"iteration":535,"passed_time":3.048285583,"remaining_time":2.638814385},
{"learn":[0.8445518829],"iteration":536,"passed_time":3.053888348,"remaining_time":2.633054572},
{"learn":[0.844365232],"iteration":537,"passed_time":3.059545446,"remaining_time":2.627342},
{"learn":[0.8442459029],"iteration":538,"passed_time":3.064906644,"remaining_time":2.621376554},
{"learn":[0.8440338206],"iteration":539,"passed_time":3.070289166,"remaining_time":2.615431512},
{"learn":[0.8437942683],"iteration":540,"passed_time":3.076296686,"remaining_time":2.610018815},
{"learn":[0.8437197528],"iteration":541,"passed_time":3.081436602,"remaining_time":2.603870782},
{"learn":[0.8436468368],"iteration":542,"passed_time":3.087472644,"remaining_time":2.59848066},
{"learn":[0.8435508783],"iteration":543,"passed_time":3.092803633,"remaining_time":2.592497163},
{"learn":[0.8432615732],"iteration":544,"passed_time":3.098786706,"remaining_time":2.587060461},
{"learn":[0.8431490805],"iteration":545,"passed_time":3.103810386,"remaining_time":2.58082402},
{"learn":[0.842983041],"iteration":546,"passed_time":3.10965985,"remaining_time":2.575275891},
{"learn":[0.8427402708],"iteration":547,"passed_time":3.115300015,"remaining_time":2.569554027},
{"learn":[0.8426074652],"iteration":548,"passed_time":3.120947905,"remaining_time":2.563838807},
{"learn":[0.8424061222],"iteration":549,"passed_time":3.126771117,"remaining_time":2.558267278},
{"learn":[0.8423262902],"iteration":550,"passed_time":3.131865268,"remaining_time":2.552100735},
{"learn":[0.8421759271],"iteration":551,"passed_time":3.137281895,"remaining_time":2.546199799},
{"learn":[0.8420365211],"iteration":552,"passed_time":3.142799306,"remaining_time":2.540382079},
{"learn":[0.8418151623],"iteration":553,"passed_time":3.148507472,"remaining_time":2.534719012},
{"learn":[0.8417533472],"iteration":554,"passed_time":3.15334304,"remaining_time":2.528356131},
{"learn":[0.8416917134],"iteration":555,"passed_time":3.158496214,"remaining_time":2.522252373},
{"learn":[0.841530193],"iteration":556,"passed_time":3.163904317,"remaining_time":2.51635478},
{"learn":[0.8413924552],"iteration":557,"passed_time":3.169352308,"remaining_time":2.510490538},
{"learn":[0.8411729856],"iteration":558,"passed_time":3.174430348,"remaining_time":2.504335927},
{"learn":[0.8410493727],"iteration":559,"passed_time":3.179588255,"remaining_time":2.498247915},
{"learn":[0.8408202154],"iteration":560,"passed_time":3.185194952,"remaining_time":2.49251441},
{"learn":[0.8407230278],"iteration":561,"passed_time":3.190742267,"remaining_time":2.486735076},
{"learn":[0.8406607321],"iteration":562,"passed_time":3.195866142,"remaining_time":2.480627894},
{"learn":[0.8405505678],"iteration":563,"passed_time":3.201008002,"remaining_time":2.474538101},
{"learn":[0.8404458224],"iteration":564,"passed_time":3.206577124,"remaining_time":2.468780618},
{"learn":[0.8403474916],"iteration":565,"passed_time":3.212069159,"remaining_time":2.46296469},
{"learn":[0.8402744489],"iteration":566,"passed_time":3.217943532,"remaining_time":2.457441886},
{"learn":[0.8401620114],"iteration":567,"passed_time":3.22391758,"remaining_time":2.451993652},
{"learn":[0.839986323],"iteration":568,"passed_time":3.229189917,"remaining_time":2.446012046},
{"learn":[0.8398727163],"iteration":569,"passed_time":3.234633983,"remaining_time":2.440162479},
{"learn":[0.8397604562],"iteration":570,"passed_time":3.240575167,"remaining_time":2.434687822},
{"learn":[0.8395983879],"iteration":571,"passed_time":3.246275088,"remaining_time":2.42903101},
{"learn":[0.8394852511],"iteration":572,"passed_time":3.251895521,"remaining_time":2.423314812},
{"learn":[0.8393149307],"iteration":573,"passed_time":3.257897461,"remaining_time":2.417882088},
{"learn":[0.8392563266],"iteration":574,"passed_time":3.263343358,"remaining_time":2.412036395},
{"learn":[0.8391074824],"iteration":575,"passed_time":3.269725979,"remaining_time":2.406881623},
{"learn":[0.8390307776],"iteration":576,"passed_time":3.275136519,"remaining_time":2.401009961},
{"learn":[0.8388454832],"iteration":577,"passed_time":3.281013539,"remaining_time":2.395480473},
{"learn":[0.8387791965],"iteration":578,"passed_time":3.286581682,"remaining_time":2.389725195},
{"learn":[0.8386180393],"iteration":579,"passed_time":3.292106402,"remaining_time":2.383939119},
{"learn":[0.838535399],"iteration":580,"passed_time":3.297455096,"remaining_time":2.378026997},
{"learn":[0.8384256889],"iteration":581,"passed_time":3.303008622,"remaining_time":2.372263925},
{"learn":[0.8382023814],"iteration":582,"passed_time":3.308531011,"remaining_time":2.3664793},
{"learn":[0.8381179385],"iteration":583,"passed_time":3.314270732,"remaining_time":2.360850385},
{"learn":[0.8380197565],"iteration":584,"passed_time":3.320292227,"remaining_time":2.355420982},
{"learn":[0.8379509502],"iteration":585,"passed_time":3.326016997,"remaining_time":2.349779926},
{"learn":[0.8378822886],"iteration":586,"passed_time":3.33503886,"remaining_time":2.346458346},
{"learn":[0.8376934521],"iteration":587,"passed_time":3.342964515,"remaining_time":2.342349286},
{"learn":[0.8375744906],"iteration":588,"passed_time":3.350586213,"remaining_time":2.338015167},
{"learn":[0.8373784786],"iteration":589,"passed_time":3.358806837,"remaining_time":2.334086107},
{"learn":[0.8372868166],"iteration":590,"passed_time":3.367217004,"remaining_time":2.330273697},
{"learn":[0.837112194],"iteration":591,"passed_time":3.37533127,"remaining_time":2.326241821},
{"learn":[0.8369514642],"iteration":592,"passed_time":3.383800877,"remaining_time":2.322440062},
{"learn":[0.8368241545],"iteration":593,"passed_time":3.391211087,"remaining_time":2.317898487},
{"learn":[0.8366795857],"iteration":594,"passed_time":3.397389653,"remaining_time":2.312508924},
{"learn":[0.8365745637],"iteration":595,"passed_time":3.404072859,"remaining_time":2.307458784},
{"learn":[0.8364914885],"iteration":596,"passed_time":3.409670212,"remaining_time":2.301670177},
{"learn":[0.8363716532],"iteration":597,"passed_time":3.415609545,"remaining_time":2.296112102},
{"learn":[0.8363074515],"iteration":598,"passed_time":3.4211077,"remaining_time":2.290257408},
{"learn":[0.836238359],"iteration":599,"passed_time":3.426328823,"remaining_time":2.284219215},
{"learn":[0.8360803788],"iteration":600,"passed_time":3.431509647,"remaining_time":2.278156987},
{"learn":[0.8359519911],"iteration":601,"passed_time":3.438486634,"remaining_time":2.273285183},
{"learn":[0.8358940569],"iteration":602,"passed_time":3.444299613,"remaining_time":2.267640044},
{"learn":[0.8358674285],"iteration":603,"passed_time":3.449609893,"remaining_time":2.261664764},
{"learn":[0.8358194007],"iteration":604,"passed_time":3.455337953,"remaining_time":2.255964448},
{"learn":[0.8357595596],"iteration":605,"passed_time":3.460736932,"remaining_time":2.250050084},
{"learn":[0.8356105447],"iteration":606,"passed_time":3.466916377,"remaining_time":2.244642728},
{"learn":[0.8354332078],"iteration":607,"passed_time":3.472694114,"remaining_time":2.238973836},
{"learn":[0.8353083135],"iteration":608,"passed_time":3.478384955,"remaining_time":2.233248797},
{"learn":[0.8351412136],"iteration":609,"passed_time":3.484188228,"remaining_time":2.227595752},
{"learn":[0.834930463],"iteration":610,"passed_time":3.489795796,"remaining_time":2.221817618},
{"learn":[0.8348330256],"iteration":611,"passed_time":3.495743161,"remaining_time":2.216255468},
{"learn":[0.8347064953],"iteration":612,"passed_time":3.501125865,"remaining_time":2.210335579},
{"learn":[0.8346552],"iteration":613,"passed_time":3.506442568,"remaining_time":2.204375946},
{"learn":[0.8345159925],"iteration":614,"passed_time":3.511901143,"remaining_time":2.19850722},
{"learn":[0.834392283],"iteration":615,"passed_time":3.51700801,"remaining_time":2.192420578},
{"learn":[0.8342305552],"iteration":616,"passed_time":3.522060943,"remaining_time":2.186303632},
{"learn":[0.8340824551],"iteration":617,"passed_time":3.527704466,"remaining_time":2.180555188},
{"learn":[0.8340119348],"iteration":618,"passed_time":3.533159814,"remaining_time":2.174691259},
{"learn":[0.8336949437],"iteration":619,"passed_time":3.53897762,"remaining_time":2.169050799},
{"learn":[0.8336270976],"iteration":620,"passed_time":3.544420154,"remaining_time":2.163180738},
{"learn":[0.833450496],"iteration":621,"passed_time":3.550222124,"remaining_time":2.157530487},
{"learn":[0.8333084987],"iteration":622,"passed_time":3.555692367,"remaining_time":2.151679008},
{"learn":[0.8332685032],"iteration":623,"passed_time":3.561406134,"remaining_time":2.145975491},
{"learn":[0.8331064083],"iteration":624,"passed_time":3.566562376,"remaining_time":2.139937425},
{"learn":[0.8330271704],"iteration":625,"passed_time":3.572065784,"remaining_time":2.13410959},
{"learn":[0.8329815159],"iteration":626,"passed_time":3.577232387,"remaining_time":2.128082425},
{"learn":[0.8328811121],"iteration":627,"passed_time":3.582634088,"remaining_time":2.122197262},
{"learn":[0.832735362],"iteration":628,"passed_time":3.588013873,"remaining_time":2.11630071},
{"learn":[0.8326054947],"iteration":629,"passed_time":3.594073591,"remaining_time":2.110805125},
{"learn":[0.8324512804],"iteration":630,"passed_time":3.600030047,"remaining_time":2.105247365},
{"learn":[0.8323325703],"iteration":631,"passed_time":3.605984436,"remaining_time":2.09968714},
{"learn":[0.832210296],"iteration":632,"passed_time":3.611717262,"remaining_time":2.093997212},
{"learn":[0.8321231045],"iteration":633,"passed_time":3.617494913,"remaining_time":2.088333025},
{"learn":[0.8319648869],"iteration":634,"passed_time":3.623130126,"remaining_time":2.082586608},
{"learn":[0.8318655211],"iteration":635,"passed_time":3.628205387,"remaining_time":2.076520064},
{"learn":[0.8317904685],"iteration":636,"passed_time":3.633726091,"remaining_time":2.070710472},
{"learn":[0.8316824113],"iteration":637,"passed_time":3.639167766,"remaining_time":2.064856946},
{"learn":[0.8315777114],"iteration":638,"passed_time":3.644330648,"remaining_time":2.058847205},
{"learn":[0.8314790368],"iteration":639,"passed_time":3.649586383,"remaining_time":2.05289234},
{"learn":[0.8313390136],"iteration":640,"passed_time":3.655384149,"remaining_time":2.047243229},
{"learn":[0.8311345923],"iteration":641,"passed_time":3.660982803,"remaining_time":2.041482622},
{"learn":[0.8310718839],"iteration":642,"passed_time":3.665964872,"remaining_time":2.035380185},
{"learn":[0.830939767],"iteration":643,"passed_time":3.671334981,"remaining_time":2.029495735},
{"learn":[0.8308530701],"iteration":644,"passed_time":3.676988996,"remaining_time":2.023769137},
{"learn":[0.8307310617],"iteration":645,"passed_time":3.682732117,"remaining_time":2.018091594},
{"learn":[0.8306484629],"iteration":646,"passed_time":3.687674499,"remaining_time":2.011976968},
{"learn":[0.8305905058],"iteration":647,"passed_time":3.692998599,"remaining_time":2.006073313},
{"learn":[0.8304820613],"iteration":648,"passed_time":3.698526419,"remaining_time":2.000281622},
{"learn":[0.8303073675],"iteration":649,"passed_time":3.703903842,"remaining_time":1.994409761},
{"learn":[0.8301698613],"iteration":650,"passed_time":3.709123988,"remaining_time":1.988455103},
{"learn":[0.8300847173],"iteration":651,"passed_time":3.715004229,"remaining_time":1.982855018},
{"learn":[0.8300047441],"iteration":652,"passed_time":3.72063691,"remaining_time":1.977122523},
{"learn":[0.8299852107],"iteration":653,"passed_time":3.725648341,"remaining_time":1.971061661},
{"learn":[0.8298914646],"iteration":654,"passed_time":3.730725821,"remaining_time":1.965038791},
{"learn":[0.8297696537],"iteration":655,"passed_time":3.736218458,"remaining_time":1.959236509},
{"learn":[0.8296373542],"iteration":656,"passed_time":3.741829801,"remaining_time":1.953497141},
{"learn":[0.8294907847],"iteration":657,"passed_time":3.74733943,"remaining_time":1.947705296},
{"learn":[0.8293128291],"iteration":658,"passed_time":3.753057471,"remaining_time":1.942022151},
{"learn":[0.8291404032],"iteration":659,"passed_time":3.758954953,"remaining_time":1.93643134},
{"learn":[0.829045986],"iteration":660,"passed_time":3.764731655,"remaining_time":1.930777657},
{"learn":[0.828927428],"iteration":661,"passed_time":3.770674934,"remaining_time":1.925208652},
{"learn":[0.8287515774],"iteration":662,"passed_time":3.776544169,"remaining_time":1.919600882},
{"learn":[0.8286031403],"iteration":663,"passed_time":3.781610961,"remaining_time":1.913586269},
{"learn":[0.8284897458],"iteration":664,"passed_time":3.786768633,"remaining_time":1.907620289},
{"learn":[0.8284054008],"iteration":665,"passed_time":3.7920957,"remaining_time":1.901741687},
{"learn":[0.828260318],"iteration":666,"passed_time":3.798434965,"remaining_time":1.89637008},
{"learn":[0.828053951],"iteration":667,"passed_time":3.803890387,"remaining_time":1.8905563},
{"learn":[0.8278932446],"iteration":668,"passed_time":3.809476363,"remaining_time":1.884808186},
{"learn":[0.8277984103],"iteration":669,"passed_time":3.814905139,"remaining_time":1.878983128},
{"learn":[0.827597783],"iteration":670,"passed_time":3.820491209,"remaining_time":1.873236375},
{"learn":[0.8275264169],"iteration":671,"passed_time":3.826145866,"remaining_time":1.867523577},
{"learn":[0.827362231],"iteration":672,"passed_time":3.832023082,"remaining_time":1.86191909},
{"learn":[0.8271651174],"iteration":673,"passed_time":3.837337669,"remaining_time":1.856041662},
{"learn":[0.8270606216],"iteration":674,"passed_time":3.842842928,"remaining_time":1.850257706},
{"learn":[0.8269739618],"iteration":675,"passed_time":3.848916282,"remaining_time":1.844746857},
{"learn":[0.8269097547],"iteration":676,"passed_time":3.8545663,"remaining_time":1.839032371},
{"learn":[0.8268120785],"iteration":677,"passed_time":3.85998814,"remaining_time":1.833209707},
{"learn":[0.8266929344],"iteration":678,"passed_time":3.86552878,"remaining_time":1.827444387},
{"learn":[0.8266229336],"iteration":679,"passed_time":3.871239437,"remaining_time":1.821759735},
{"learn":[0.8264560318],"iteration":680,"passed_time":3.876564026,"remaining_time":1.815894162},
{"learn":[0.8263039284],"iteration":681,"passed_time":3.882438708,"remaining_time":1.81028667},
{"learn":[0.8262287188],"iteration":682,"passed_time":3.887817259,"remaining_time":1.804448128},
{"learn":[0.8260535381],"iteration":683,"passed_time":3.893886335,"remaining_time":1.798929944},
{"learn":[0.8259740341],"iteration":684,"passed_time":3.900111152,"remaining_time":1.793481771},
{"learn":[0.8259346917],"iteration":685,"passed_time":3.905683112,"remaining_time":1.787732503},
{"learn":[0.8258781823],"iteration":686,"passed_time":3.911025466,"remaining_time":1.781879142},
{"learn":[0.825777985],"iteration":687,"passed_time":3.91676315,"remaining_time":1.776206545},
{"learn":[0.8256798948],"iteration":688,"passed_time":3.921943053,"remaining_time":1.770281988},
{"learn":[0.8256057612],"iteration":689,"passed_time":3.927416136,"remaining_time":1.764491308},
{"learn":[0.8254647041],"iteration":690,"passed_time":3.932574463,"remaining_time":1.758560794},
{"learn":[0.8253486714],"iteration":691,"passed_time":3.938172618,"remaining_time":1.752828275},
{"learn":[0.8251549479],"iteration":692,"passed_time":3.944130319,"remaining_time":1.747255422},
{"learn":[0.825010584],"iteration":693,"passed_time":3.949842299,"remaining_time":1.741573118},
{"learn":[0.824876119],"iteration":694,"passed_time":3.955298653,"remaining_time":1.735778545},
{"learn":[0.8247845254],"iteration":695,"passed_time":3.961544798,"remaining_time":1.730329912},
{"learn":[0.8246610666],"iteration":696,"passed_time":3.967022651,"remaining_time":1.724544997},
{"learn":[0.82460181],"iteration":697,"passed_time":3.972757996,"remaining_time":1.718872371},
{"learn":[0.824514312],"iteration":698,"passed_time":3.978229179,"remaining_time":1.713085813},
{"learn":[0.8243616117],"iteration":699,"passed_time":3.984268891,"remaining_time":1.70754381},
{"learn":[0.8241825366],"iteration":700,"passed_time":3.989731833,"remaining_time":1.701754377},
{"learn":[0.8240733967],"iteration":701,"passed_time":3.994985692,"remaining_time":1.695877117},
{"learn":[0.8239755671],"iteration":702,"passed_time":4.000014959,"remaining_time":1.689906746},
{"learn":[0.8238964543],"iteration":703,"passed_time":4.005087682,"remaining_time":1.683957321},
{"learn":[0.8237693953],"iteration":704,"passed_time":4.010695637,"remaining_time":1.678234345},
{"learn":[0.8236715833],"iteration":705,"passed_time":4.015809164,"remaining_time":1.672305799},
{"learn":[0.8235928272],"iteration":706,"passed_time":4.020859848,"remaining_time":1.666353515},
{"learn":[0.8233827326],"iteration":707,"passed_time":4.026098428,"remaining_time":1.660481273},
{"learn":[0.8233300326],"iteration":708,"passed_time":4.031400934,"remaining_time":1.654637055},
{"learn":[0.8232204814],"iteration":709,"passed_time":4.037060912,"remaining_time":1.648940373},
{"learn":[0.8230610019],"iteration":710,"passed_time":4.042392232,"remaining_time":1.643110204},
{"learn":[0.8229130299],"iteration":711,"passed_time":4.047896358,"remaining_time":1.637351336},
{"learn":[0.8228628364],"iteration":712,"passed_time":4.052683303,"remaining_time":1.631304499},
{"learn":[0.8227036225],"iteration":713,"passed_time":4.058671909,"remaining_time":1.625742529},
{"learn":[0.8226309139],"iteration":714,"passed_time":4.063810253,"remaining_time":1.61984045},
{"learn":[0.8225215309],"iteration":715,"passed_time":4.069073277,"remaining_time":1.613989959},
{"learn":[0.8224378322],"iteration":716,"passed_time":4.074574186,"remaining_time":1.608235},
{"learn":[0.8222183853],"iteration":717,"passed_time":4.080460292,"remaining_time":1.602632037},
{"learn":[0.8220524885],"iteration":718,"passed_time":4.086305446,"remaining_time":1.597012281},
{"learn":[0.8218929191],"iteration":719,"passed_time":4.09201801,"remaining_time":1.591340337},
{"learn":[0.8217593072],"iteration":720,"passed_time":4.09747987,"remaining_time":1.585571267},
{"learn":[0.8216329072],"iteration":721,"passed_time":4.102768357,"remaining_time":1.579736293},
{"learn":[0.8215774984],"iteration":722,"passed_time":4.108134382,"remaining_time":1.573932536},
{"learn":[0.8214620509],"iteration":723,"passed_time":4.113601797,"remaining_time":1.568168641},
{"learn":[0.8213562733],"iteration":724,"passed_time":4.118647796,"remaining_time":1.562245716},
{"learn":[0.8212769679],"iteration":725,"passed_time":4.123980491,"remaining_time":1.556433409},
{"learn":[0.8211871409],"iteration":726,"passed_time":4.129430161,"remaining_time":1.550666347},
{"learn":[0.8210882664],"iteration":727,"passed_time":4.135243379,"remaining_time":1.545035988},
{"learn":[0.8209833378],"iteration":728,"passed_time":4.141035106,"remaining_time":1.539397138},
{"learn":[0.82090168],"iteration":729,"passed_time":4.146361714,"remaining_time":1.533585839},
{"learn":[0.8207645287],"iteration":730,"passed_time":4.151444246,"remaining_time":1.527686049},
{"learn":[0.820586342],"iteration":731,"passed_time":4.157015624,"remaining_time":1.521967469},
{"learn":[0.8205235804],"iteration":732,"passed_time":4.16263603,"remaining_time":1.516267149},
{"learn":[0.8203590712],"iteration":733,"passed_time":4.168897417,"remaining_time":1.510799336},
{"learn":[0.820242935],"iteration":734,"passed_time":4.174059417,"remaining_time":1.504932987},
{"learn":[0.8201456677],"iteration":735,"passed_time":4.179315395,"remaining_time":1.499102261},
{"learn":[0.8200508995],"iteration":736,"passed_time":4.184879687,"remaining_time":1.493383117},
{"learn":[0.8199894639],"iteration":737,"passed_time":4.190263272,"remaining_time":1.48760024},
{"learn":[0.8198723863],"iteration":738,"passed_time":4.195663597,"remaining_time":1.481824355},
{"learn":[0.8198304432],"iteration":739,"passed_time":4.201063977,"remaining_time":1.476049506},
{"learn":[0.8197374688],"iteration":740,"passed_time":4.206401333,"remaining_time":1.470253637},
{"learn":[0.819624697],"iteration":741,"passed_time":4.21149681,"remaining_time":1.464374902},
{"learn":[0.8195190975],"iteration":742,"passed_time":4.216815376,"remaining_time":1.45857544},
{"learn":[0.8194098466],"iteration":743,"passed_time":4.222271056,"remaining_time":1.452824449},
{"learn":[0.81931276],"iteration":744,"passed_time":4.227994367,"remaining_time":1.447165857},
{"learn":[0.8192553641],"iteration":745,"passed_time":4.233669667,"remaining_time":1.441490744},
{"learn":[0.8191836092],"iteration":746,"passed_time":4.238922309,"remaining_time":1.435672482},
{"learn":[0.8190684625],"iteration":747,"passed_time":4.244685693,"remaining_time":1.4300278},
{"learn":[0.8189869854],"iteration":748,"passed_time":4.250041076,"remaining_time":1.424246075},
{"learn":[0.8188813316],"iteration":749,"passed_time":4.255612254,"remaining_time":1.418537418},
{"learn":[0.8187586543],"iteration":750,"passed_time":4.261340526,"remaining_time":1.412881213},
{"learn":[0.8186686326],"iteration":751,"passed_time":4.267225927,"remaining_time":1.407276636},
{"learn":[0.8185669644],"iteration":752,"passed_time":4.272954823,"remaining_time":1.401619975},
{"learn":[0.8184854077],"iteration":753,"passed_time":4.278526246,"remaining_time":1.395911746},
{"learn":[0.8183986346],"iteration":754,"passed_time":4.284472159,"remaining_time":1.390325403},
{"learn":[0.8183320439],"iteration":755,"passed_time":4.289811381,"remaining_time":1.384542298},
{"learn":[0.818148716],"iteration":756,"passed_time":4.294972144,"remaining_time":1.378703079},
{"learn":[0.8180697146],"iteration":757,"passed_time":4.300581903,"remaining_time":1.373008998},
{"learn":[0.8179498031],"iteration":758,"passed_time":4.306286969,"remaining_time":1.367345401},
{"learn":[0.8178575277],"iteration":759,"passed_time":4.311988893,"remaining_time":1.361680703},
{"learn":[0.8176932722],"iteration":760,"passed_time":4.317741082,"remaining_time":1.356031693},
{"learn":[0.8175748822],"iteration":761,"passed_time":4.324272229,"remaining_time":1.350625709},
{"learn":[0.8174475421],"iteration":762,"passed_time":4.330476328,"remaining_time":1.34511519},
{"learn":[0.8172826064],"iteration":763,"passed_time":4.336071677,"remaining_time":1.339414811},
{"learn":[0.8171511421],"iteration":764,"passed_time":4.341858121,"remaining_time":1.33377341},
{"learn":[0.8170476365],"iteration":765,"passed_time":4.347552751,"remaining_time":1.328103582},
{"learn":[0.816926526],"iteration":766,"passed_time":4.352856284,"remaining_time":1.322314882},
{"learn":[0.816816113],"iteration":767,"passed_time":4.358363695,"remaining_time":1.316589033},
{"learn":[0.8166653357],"iteration":768,"passed_time":4.364102661,"remaining_time":1.310933309},
{"learn":[0.8165987374],"iteration":769,"passed_time":4.369946774,"remaining_time":1.305308777},
{"learn":[0.8164685397],"iteration":770,"passed_time":4.376227139,"remaining_time":1.299813249},
{"learn":[0.8163944959],"iteration":771,"passed_time":4.381874553,"remaining_time":1.294128754},
{"learn":[0.816204471],"iteration":772,"passed_time":4.387832134,"remaining_time":1.288535439},
{"learn":[0.8161551338],"iteration":773,"passed_time":4.393096846,"remaining_time":1.282738872},
{"learn":[0.8160787155],"iteration":774,"passed_time":4.398662692,"remaining_time":1.277031104},
{"learn":[0.8158877078],"iteration":775,"passed_time":4.40392015,"remaining_time":1.271234683},
{"learn":[0.8157999793],"iteration":776,"passed_time":4.409362618,"remaining_time":1.265492746},
{"learn":[0.8156545532],"iteration":777,"passed_time":4.414652612,"remaining_time":1.259708072},
{"learn":[0.8155327113],"iteration":778,"passed_time":4.420393139,"remaining_time":1.254052482},
{"learn":[0.8153621348],"iteration":779,"passed_time":4.425871486,"remaining_time":1.248322727},
{"learn":[0.8153075802],"iteration":780,"passed_time":4.431643388,"remaining_time":1.242675931},
{"learn":[0.8151985228],"iteration":781,"passed_time":4.436894543,"remaining_time":1.236883645},
{"learn":[0.8151354915],"iteration":782,"passed_time":4.442455839,"remaining_time":1.231178694},
{"learn":[0.8150464469],"iteration":783,"passed_time":4.448366689,"remaining_time":1.225570414},
{"learn":[0.8149751583],"iteration":784,"passed_time":4.453540107,"remaining_time":1.219759392},
{"learn":[0.8148422015],"iteration":785,"passed_time":4.459060315,"remaining_time":1.214044411},
{"learn":[0.8147101104],"iteration":786,"passed_time":4.464439625,"remaining_time":1.208291792},
{"learn":[0.8145971506],"iteration":787,"passed_time":4.469761996,"remaining_time":1.202524801},
{"learn":[0.8144570264],"iteration":788,"passed_time":4.475438534,"remaining_time":1.196853651},
{"learn":[0.8142918533],"iteration":789,"passed_time":4.480872287,"remaining_time":1.19111795},
{"learn":[0.8141577226],"iteration":790,"passed_time":4.486249729,"remaining_time":1.185368133},
{"learn":[0.814019935],"iteration":791,"passed_time":4.491703153,"remaining_time":1.179639212},
{"learn":[0.8139213303],"iteration":792,"passed_time":4.497025638,"remaining_time":1.173876806},
{"learn":[0.8138441745],"iteration":793,"passed_time":4.502106084,"remaining_time":1.168052712},
{"learn":[0.8137530386],"iteration":794,"passed_time":4.507604464,"remaining_time":1.162338258},
{"learn":[0.8135887075],"iteration":795,"passed_time":4.513108149,"remaining_time":1.156625707},
{"learn":[0.8134999274],"iteration":796,"passed_time":4.518152651,"remaining_time":1.150796723},
{"learn":[0.8133520309],"iteration":797,"passed_time":4.523885256,"remaining_time":1.145143887},
{"learn":[0.8132541929],"iteration":798,"passed_time":4.529576851,"remaining_time":1.139480534},
{"learn":[0.81319166],"iteration":799,"passed_time":4.535190491,"remaining_time":1.133797623},
{"learn":[0.8129771951],"iteration":800,"passed_time":4.540526299,"remaining_time":1.12804586},
{"learn":[0.8128750235],"iteration":801,"passed_time":4.545763992,"remaining_time":1.122270911},
{"learn":[0.8128059069],"iteration":802,"passed_time":4.551338381,"remaining_time":1.116579902},
{"learn":[0.812673235],"iteration":803,"passed_time":4.557083993,"remaining_time":1.110930924},
{"learn":[0.8126010946],"iteration":804,"passed_time":4.562534645,"remaining_time":1.105210256},
{"learn":[0.812481514],"iteration":805,"passed_time":4.568765047,"remaining_time":1.099677939},
{"learn":[0.8123744203],"iteration":806,"passed_time":4.574307647,"remaining_time":1.0939794},
{"learn":[0.8122421797],"iteration":807,"passed_time":4.579390873,"remaining_time":1.088172089},
{"learn":[0.8121415406],"iteration":808,"passed_time":4.585326573,"remaining_time":1.082567831},
{"learn":[0.8120157116],"iteration":809,"passed_time":4.591298242,"remaining_time":1.076971193},
{"learn":[0.8119695559],"iteration":810,"passed_time":4.596661913,"remaining_time":1.071231938},
{"learn":[0.8118350979],"iteration":811,"passed_time":4.602136762,"remaining_time":1.065519349},
{"learn":[0.8116849266],"iteration":812,"passed_time":4.60767191,"remaining_time":1.059821214},
{"learn":[0.8115861735],"iteration":813,"passed_time":4.613170312,"remaining_time":1.054115083},
{"learn":[0.8114773939],"iteration":814,"passed_time":4.618356405,"remaining_time":1.04833857},
{"learn":[0.8113860025],"iteration":815,"passed_time":4.623803476,"remaining_time":1.042622352},
{"learn":[0.8112696472],"iteration":816,"passed_time":4.628899597,"remaining_time":1.036828184},
{"learn":[0.811159553],"iteration":817,"passed_time":4.634238438,"remaining_time":1.031089726},
{"learn":[0.8110439927],"iteration":818,"passed_time":4.639480248,"remaining_time":1.0253308},
{"learn":[0.8109722246],"iteration":819,"passed_time":4.645428105,"remaining_time":1.019728121},
{"learn":[0.8108999872],"iteration":820,"passed_time":4.650621225,"remaining_time":1.013960048},
{"learn":[0.8107358985],"iteration":821,"passed_time":4.656285686,"remaining_time":1.00829544},
{"learn":[0.8106518182],"iteration":822,"passed_time":4.664060099,"remaining_time":1.003084614},
{"learn":[0.810545608],"iteration":823,"passed_time":4.671910994,"remaining_time":0.9978839016},
{"learn":[0.8104479284],"iteration":824,"passed_time":4.680194354,"remaining_time":0.9927684992},
{"learn":[0.8103135436],"iteration":825,"passed_time":4.687872104,"remaining_time":0.9875178524},
{"learn":[0.8101773241],"iteration":826,"passed_time":4.696035925,"remaining_time":0.982363017},
{"learn":[0.810063801],"iteration":827,"passed_time":4.703986079,"remaining_time":0.9771565285},
{"learn":[0.8099337928],"iteration":828,"passed_time":4.712054022,"remaining_time":0.9719677174},
{"learn":[0.809863245],"iteration":829,"passed_time":4.71963575,"remaining_time":0.9666723825},
{"learn":[0.8097926229],"iteration":830,"passed_time":4.726980326,"remaining_time":0.9613233155},
{"learn":[0.8095810296],"iteration":831,"passed_time":4.733854491,"remaining_time":0.9558744645},
{"learn":[0.8095020429],"iteration":832,"passed_time":4.740291804,"remaining_time":0.9503346113},
{"learn":[0.8094438889],"iteration":833,"passed_time":4.746786045,"remaining_time":0.944803937},
{"learn":[0.8093499678],"iteration":834,"passed_time":4.752820609,"remaining_time":0.9391801204},
{"learn":[0.8091814637],"iteration":835,"passed_time":4.759092666,"remaining_time":0.9336019105},
{"learn":[0.8091045883],"iteration":836,"passed_time":4.765069951,"remaining_time":0.9279646379},
{"learn":[0.8089824759],"iteration":837,"passed_time":4.771206271,"remaining_time":0.9223572983},
{"learn":[0.8088841189],"iteration":838,"passed_time":4.777750036,"remaining_time":0.9168268842},
{"learn":[0.8087375759],"iteration":839,"passed_time":4.784541574,"remaining_time":0.9113412522},
{"learn":[0.8085897898],"iteration":840,"passed_time":4.791833705,"remaining_time":0.905947157},
{"learn":[0.8084717223],"iteration":841,"passed_time":4.797918721,"remaining_time":0.9003220402},
{"learn":[0.8083317316],"iteration":842,"passed_time":4.804366746,"remaining_time":0.894763439},
{"learn":[0.808262164],"iteration":843,"passed_time":4.809855079,"remaining_time":0.8890253463},
{"learn":[0.8081179077],"iteration":844,"passed_time":4.815235378,"remaining_time":0.8832680279},
{"learn":[0.8080224393],"iteration":845,"passed_time":4.820825857,"remaining_time":0.8775498605},
{"learn":[0.807921522],"iteration":846,"passed_time":4.826720536,"remaining_time":0.8718869446},
{"learn":[0.8078683436],"iteration":847,"passed_time":4.832197078,"remaining_time":0.8661485329},
{"learn":[0.8077876],"iteration":848,"passed_time":4.837543908,"remaining_time":0.860387668},
{"learn":[0.8076790637],"iteration":849,"passed_time":4.843013783,"remaining_time":0.8546494912},
{"learn":[0.8074826252],"iteration":850,"passed_time":4.84880308,"remaining_time":0.8489678718},
{"learn":[0.8073959082],"iteration":851,"passed_time":4.853921953,"remaining_time":0.8431695411},
{"learn":[0.8072837163],"iteration":852,"passed_time":4.85939993,"remaining_time":0.8374346889},
{"learn":[0.8071587025],"iteration":853,"passed_time":4.864891467,"remaining_time":0.8317027566},
{"learn":[0.8070905933],"iteration":854,"passed_time":4.870295572,"remaining_time":0.8259565589},
{"learn":[0.8070097655],"iteration":855,"passed_time":4.875987824,"remaining_time":0.820259634},
{"learn":[0.8069767427],"iteration":856,"passed_time":4.881063611,"remaining_time":0.8144598557},
{"learn":[0.8068802357],"iteration":857,"passed_time":4.887078327,"remaining_time":0.8088171591},
{"learn":[0.8067767145],"iteration":858,"passed_time":4.892269317,"remaining_time":0.8030383861},
{"learn":[0.8067474311],"iteration":859,"passed_time":4.897259457,"remaining_time":0.7972282836},
{"learn":[0.8066176143],"iteration":860,"passed_time":4.90285981,"remaining_time":0.7915185988},
{"learn":[0.8064727779],"iteration":861,"passed_time":4.908563984,"remaining_time":0.7858257886},
{"learn":[0.8063797958],"iteration":862,"passed_time":4.913833709,"remaining_time":0.7800639839},
{"learn":[0.8062978909],"iteration":863,"passed_time":4.919193224,"remaining_time":0.7743174519},
{"learn":[0.8062612063],"iteration":864,"passed_time":4.924378668,"remaining_time":0.7685446475},
{"learn":[0.8060311518],"iteration":865,"passed_time":4.930587493,"remaining_time":0.7629315521},
{"learn":[0.8059409324],"iteration":866,"passed_time":4.936459735,"remaining_time":0.7572654496},
{"learn":[0.8058913187],"iteration":867,"passed_time":4.941798486,"remaining_time":0.7515177421},
{"learn":[0.8058185281],"iteration":868,"passed_time":4.947366851,"remaining_time":0.7458055897},
{"learn":[0.8057555825],"iteration":869,"passed_time":4.952542424,"remaining_time":0.7400350749},
{"learn":[0.8056598587],"iteration":870,"passed_time":4.957966701,"remaining_time":0.7343027605},
{"learn":[0.8055152935],"iteration":871,"passed_time":4.963536171,"remaining_time":0.7285924654},
{"learn":[0.8053960125],"iteration":872,"passed_time":4.96867222,"remaining_time":0.7228194409},
{"learn":[0.8053569391],"iteration":873,"passed_time":4.973705543,"remaining_time":0.7170330646},
{"learn":[0.8052878278],"iteration":874,"passed_time":4.979064567,"remaining_time":0.7112949382},
{"learn":[0.8051532848],"iteration":875,"passed_time":4.98449673,"remaining_time":0.7055680303},
{"learn":[0.8050452922],"iteration":876,"passed_time":4.990303989,"remaining_time":0.6998944021},
{"learn":[0.8049824451],"iteration":877,"passed_time":4.995235534,"remaining_time":0.6940987872},
{"learn":[0.8048630964],"iteration":878,"passed_time":5.000602103,"remaining_time":0.6883650221},
{"learn":[0.8047778536],"iteration":879,"passed_time":5.005538943,"remaining_time":0.6825734922},
{"learn":[0.8047395198],"iteration":880,"passed_time":5.010476774,"remaining_time":0.6767840365},
{"learn":[0.8046374987],"iteration":881,"passed_time":5.015426709,"remaining_time":0.6709981311},
{"learn":[0.804551818],"iteration":882,"passed_time":5.020761194,"remaining_time":0.6652650733},
{"learn":[0.8044602932],"iteration":883,"passed_time":5.026036853,"remaining_time":0.6595251979},
{"learn":[0.804396549],"iteration":884,"passed_time":5.03175676,"remaining_time":0.6538440988},
{"learn":[0.8043226766],"iteration":885,"passed_time":5.037722051,"remaining_time":0.6481944851},
{"learn":[0.8042336598],"iteration":886,"passed_time":5.042589314,"remaining_time":0.6424042756},
{"learn":[0.8041950139],"iteration":887,"passed_time":5.047527505,"remaining_time":0.6366250907},
{"learn":[0.8040904691],"iteration":888,"passed_time":5.05271483,"remaining_time":0.6308789045},
{"learn":[0.8039231992],"iteration":889,"passed_time":5.058263267,"remaining_time":0.6251786061},
{"learn":[0.8038044925],"iteration":890,"passed_time":5.06376055,"remaining_time":0.6194723905},
{"learn":[0.8036812232],"iteration":891,"passed_time":5.069471533,"remaining_time":0.6137925175},
{"learn":[0.8035337773],"iteration":892,"passed_time":5.074821654,"remaining_time":0.6080693359},
{"learn":[0.8033902797],"iteration":893,"passed_time":5.080370629,"remaining_time":0.6023705668},
{"learn":[0.8033294625],"iteration":894,"passed_time":5.085474506,"remaining_time":0.5966199141},
{"learn":[0.8032431805],"iteration":895,"passed_time":5.091207083,"remaining_time":0.5909436793},
{"learn":[0.8031923935],"iteration":896,"passed_time":5.09694872,"remaining_time":0.5852683592},
{"learn":[0.8030930393],"iteration":897,"passed_time":5.102509019,"remaining_time":0.5795722939},
{"learn":[0.8029980786],"iteration":898,"passed_time":5.107789422,"remaining_time":0.5738450852},
{"learn":[0.8028743851],"iteration":899,"passed_time":5.1136793,"remaining_time":0.5681865889},
{"learn":[0.8028115324],"iteration":900,"passed_time":5.118504365,"remaining_time":0.5624105796},
{"learn":[0.8026502215],"iteration":901,"passed_time":5.123512688,"remaining_time":0.5566565891},
{"learn":[0.8026042795],"iteration":902,"passed_time":5.128205838,"remaining_time":0.5508703945},
{"learn":[0.8025104316],"iteration":903,"passed_time":5.133362334,"remaining_time":0.5451358231},
{"learn":[0.8024108775],"iteration":904,"passed_time":5.138732753,"remaining_time":0.5394249851},
{"learn":[0.8023119331],"iteration":905,"passed_time":5.143720308,"remaining_time":0.5336751755},
{"learn":[0.8022214462],"iteration":906,"passed_time":5.148942746,"remaining_time":0.5279511305},
{"learn":[0.802074813],"iteration":907,"passed_time":5.154675057,"remaining_time":0.5222798516},
{"learn":[0.8019980527],"iteration":908,"passed_time":5.160495591,"remaining_time":0.5166172704},
{"learn":[0.8018760012],"iteration":909,"passed_time":5.166448049,"remaining_time":0.5109673895},
{"learn":[0.8018247201],"iteration":910,"passed_time":5.171563731,"remaining_time":0.5052350956},
{"learn":[0.8017006325],"iteration":911,"passed_time":5.177269917,"remaining_time":0.4995611324},
{"learn":[0.8016297798],"iteration":912,"passed_time":5.182329909,"remaining_time":0.4938255225},
{"learn":[0.8015524482],"iteration":913,"passed_time":5.188192745,"remaining_time":0.4881669323},
{"learn":[0.8014351172],"iteration":914,"passed_time":5.194159257,"remaining_time":0.4825175266},
{"learn":[0.8013567028],"iteration":915,"passed_time":5.199230895,"remaining_time":0.4767853659},
{"learn":[0.8012793651],"iteration":916,"passed_time":5.204301814,"remaining_time":0.4710545808},
{"learn":[0.8011450846],"iteration":917,"passed_time":5.210096764,"remaining_time":0.465389907},
{"learn":[0.8010384741],"iteration":918,"passed_time":5.215279959,"remaining_time":0.4596710301},
{"learn":[0.8009584929],"iteration":919,"passed_time":5.220205722,"remaining_time":0.4539309323},
{"learn":[0.8008979342],"iteration":920,"passed_time":5.225468772,"remaining_time":0.4482215342},
{"learn":[0.8007436195],"iteration":921,"passed_time":5.230635303,"remaining_time":0.4425049388},
{"learn":[0.8006591265],"iteration":922,"passed_time":5.236551305,"remaining_time":0.4368520591},
{"learn":[0.8005307783],"iteration":923,"passed_time":5.241869829,"remaining_time":0.4311494664},
{"learn":[0.8004625162],"iteration":924,"passed_time":5.24745778,"remaining_time":0.4254695498},
{"learn":[0.8004096478],"iteration":925,"passed_time":5.252761518,"remaining_time":0.4197671191},
{"learn":[0.800346852],"iteration":926,"passed_time":5.257887947,"remaining_time":0.4140515859},
{"learn":[0.8002060944],"iteration":927,"passed_time":5.26289537,"remaining_time":0.4083280891},
{"learn":[0.8001250033],"iteration":928,"passed_time":5.268388227,"remaining_time":0.4026432337},
{"learn":[0.8000456864],"iteration":929,"passed_time":5.274525942,"remaining_time":0.3970073289},
{"learn":[0.7999581281],"iteration":930,"passed_time":5.280100239,"remaining_time":0.3913285891},
{"learn":[0.7997814338],"iteration":931,"passed_time":5.285198445,"remaining_time":0.3856153372},
{"learn":[0.799671695],"iteration":932,"passed_time":5.290493264,"remaining_time":0.3799175227},
{"learn":[0.7995876332],"iteration":933,"passed_time":5.295817035,"remaining_time":0.3742226171},
{"learn":[0.7994623546],"iteration":934,"passed_time":5.301477163,"remaining_time":0.3685518883},
{"learn":[0.7993905148],"iteration":935,"passed_time":5.306346555,"remaining_time":0.3628271149},
{"learn":[0.7993414442],"iteration":936,"passed_time":5.311786026,"remaining_time":0.3571424969},
{"learn":[0.7992839777],"iteration":937,"passed_time":5.317028777,"remaining_time":0.3514453989},
{"learn":[0.7991973785],"iteration":938,"passed_time":5.322295103,"remaining_time":0.3457508001},
{"learn":[0.799120589],"iteration":939,"passed_time":5.327681327,"remaining_time":0.3400647656},
{"learn":[0.7990482903],"iteration":940,"passed_time":5.334429639,"remaining_time":0.3344647702},
{"learn":[0.7989657999],"iteration":941,"passed_time":5.339720255,"remaining_time":0.3287725847},
{"learn":[0.7989084767],"iteration":942,"passed_time":5.345427144,"remaining_time":0.3231064128},
{"learn":[0.7987469604],"iteration":943,"passed_time":5.351249691,"remaining_time":0.3174470156},
{"learn":[0.7986700267],"iteration":944,"passed_time":5.356591263,"remaining_time":0.3117592799},
{"learn":[0.798506574],"iteration":945,"passed_time":5.362179923,"remaining_time":0.3060863804},
{"learn":[0.7984222233],"iteration":946,"passed_time":5.367747168,"remaining_time":0.3004124603},
{"learn":[0.7983646701],"iteration":947,"passed_time":5.373285135,"remaining_time":0.2947371593},
{"learn":[0.7982754566],"iteration":948,"passed_time":5.379135063,"remaining_time":0.2890789128},
{"learn":[0.7981890524],"iteration":949,"passed_time":5.384507446,"remaining_time":0.2833951288},
{"learn":[0.7980916863],"iteration":950,"passed_time":5.389810916,"remaining_time":0.2777084489},
{"learn":[0.7979783196],"iteration":951,"passed_time":5.395174919,"remaining_time":0.2720256262},
{"learn":[0.797821946],"iteration":952,"passed_time":5.400895903,"remaining_time":0.2663610781},
{"learn":[0.7977733608],"iteration":953,"passed_time":5.405864728,"remaining_time":0.2606601441},
{"learn":[0.7976647798],"iteration":954,"passed_time":5.410868556,"remaining_time":0.2549623927},
{"learn":[0.7975415299],"iteration":955,"passed_time":5.415805606,"remaining_time":0.2492630195},
{"learn":[0.7974236974],"iteration":956,"passed_time":5.420928319,"remaining_time":0.2435735818},
{"learn":[0.7973405546],"iteration":957,"passed_time":5.426822123,"remaining_time":0.2379191327},
{"learn":[0.7972255761],"iteration":958,"passed_time":5.43232675,"remaining_time":0.2322475461},
{"learn":[0.7971079904],"iteration":959,"passed_time":5.437661936,"remaining_time":0.2265692473},
{"learn":[0.7970206452],"iteration":960,"passed_time":5.442654099,"remaining_time":0.2208777418},
{"learn":[0.7969055061],"iteration":961,"passed_time":5.448096553,"remaining_time":0.2152054772},
{"learn":[0.7967973215],"iteration":962,"passed_time":5.453598069,"remaining_time":0.209535959},
{"learn":[0.7966921356],"iteration":963,"passed_time":5.459233143,"remaining_time":0.2038717771},
{"learn":[0.7966364642],"iteration":964,"passed_time":5.464271431,"remaining_time":0.1981860104},
{"learn":[0.7965160887],"iteration":965,"passed_time":5.469813739,"remaining_time":0.1925193241},
{"learn":[0.7964589257],"iteration":966,"passed_time":5.475370895,"remaining_time":0.1868534018},
{"learn":[0.7963743078],"iteration":967,"passed_time":5.480918156,"remaining_time":0.1811873771},
{"learn":[0.7962474761],"iteration":968,"passed_time":5.486685419,"remaining_time":0.1755286357},
{"learn":[0.7961385569],"iteration":969,"passed_time":5.491612909,"remaining_time":0.1698436982},
{"learn":[0.7959800255],"iteration":970,"passed_time":5.497078959,"remaining_time":0.1641764056},
{"learn":[0.7959088804],"iteration":971,"passed_time":5.502395484,"remaining_time":0.1585052197},
{"learn":[0.7958449859],"iteration":972,"passed_time":5.508648602,"remaining_time":0.1528607526},
{"learn":[0.7957791881],"iteration":973,"passed_time":5.5138975,"remaining_time":0.147188229},
{"learn":[0.7956689821],"iteration":974,"passed_time":5.519246853,"remaining_time":0.1415191501},
{"learn":[0.7955987199],"iteration":975,"passed_time":5.524530411,"remaining_time":0.1358491085},
{"learn":[0.7954497017],"iteration":976,"passed_time":5.53008958,"remaining_time":0.1301863463},
{"learn":[0.7953091565],"iteration":977,"passed_time":5.535877336,"remaining_time":0.124528938},
{"learn":[0.7952007148],"iteration":978,"passed_time":5.541214377,"remaining_time":0.1188615954},
{"learn":[0.7951283102],"iteration":979,"passed_time":5.54593235,"remaining_time":0.1131822929},
{"learn":[0.7949866362],"iteration":980,"passed_time":5.551435072,"remaining_time":0.1075201492},
{"learn":[0.7949085697],"iteration":981,"passed_time":5.556767729,"remaining_time":0.101855213},
{"learn":[0.7948353634],"iteration":982,"passed_time":5.562711002,"remaining_time":0.09620151275},
{"learn":[0.7947620311],"iteration":983,"passed_time":5.568604969,"remaining_time":0.09054642226},
{"learn":[0.7946745195],"iteration":984,"passed_time":5.574273169,"remaining_time":0.08488740867},
{"learn":[0.7945990068],"iteration":985,"passed_time":5.57976979,"remaining_time":0.07922594022},
{"learn":[0.7944805484],"iteration":986,"passed_time":5.585224796,"remaining_time":0.0735642577},
{"learn":[0.7944084266],"iteration":987,"passed_time":5.591104883,"remaining_time":0.06790815648},
{"learn":[0.7943430946],"iteration":988,"passed_time":5.596358281,"remaining_time":0.06224463204},
{"learn":[0.7942821206],"iteration":989,"passed_time":5.601729498,"remaining_time":0.05658312624},
{"learn":[0.7942116245],"iteration":990,"passed_time":5.606875818,"remaining_time":0.05092016384},
{"learn":[0.7940802319],"iteration":991,"passed_time":5.612605709,"remaining_time":0.04526294926},
{"learn":[0.7940101167],"iteration":992,"passed_time":5.617923019,"remaining_time":0.03960267989},
{"learn":[0.7938995941],"iteration":993,"passed_time":5.623702054,"remaining_time":0.03394588765},
{"learn":[0.7937817383],"iteration":994,"passed_time":5.629817284,"remaining_time":0.02829053911},
{"learn":[0.7936684709],"iteration":995,"passed_time":5.635265217,"remaining_time":0.02263158722},
{"learn":[0.793616293],"iteration":996,"passed_time":5.640348997,"remaining_time":0.01697196288},
{"learn":[0.7934626391],"iteration":997,"passed_time":5.645633346,"remaining_time":0.01131389448},
{"learn":[0.7934013115],"iteration":998,"passed_time":5.650962466,"remaining_time":0.005656619085},
{"learn":[0.793257608],"iteration":999,"passed_time":5.657001908,"remaining_time":0}
]}